sample, o__Gammaproteobacteria_Incertae_Sedis, o__Paenibacillales, o__Halobacterales, o__Tistrellales, o__Acholeplasmatales, o__0319-6G20, o__Alicyclobacillales, o__Rokubacteriales, o__Caldilineales, o__Glycomycetales, o__Abditibacteriales, p__Firmicutes_unassigned, o__Clostridiales, o__Steroidobacterales, o__Exiguobacterales, o__Micavibrionales, c__Clostridia_unassigned, o__Entotheonellales, o__Streptomycetales, o__Chloroflexales, o__MBNT15, o__Gemmatimonadales, o__Peptococcales, o__Pasteurellales, o__Erysipelotrichales, o__Isosphaerales, o__Opitutales, p__Actinobacteriota_unassigned, c__Alphaproteobacteria_unassigned, o__Oceanospirillales, p__Armatimonadota_unassigned, o__PeM15, o__Christensenellales, o__Phycisphaerales, o__Methanofastidiosales, o__Microtrichales, o__Cytophagales, o__Vicinamibacterales, o__Rickettsiales, o__Sphingobacteriales, o__Defluviicoccales, p__Proteobacteria_unassigned, o__R7C24, o__Acidaminococcales, o__Parcubacteria, o__Bacteroidales, o__Xanthomonadales, o__Kallotenuales, o__Reyranellales, o__Thermicanales, o__Thermobaculales, o__Clostridia, o__Ardenticatenales, o__Pseudonocardiales, c__Alphaproteobacteria_uncultured, o__MB-A2-108, o__Micrococcales, o__Desulfobulbales, c__Acidimicrobiia_unassigned, o__Staphylococcales, o__Catenulisporales, o__Deep_Sea_Euryarchaeotic_Group(DSEG), o__Propionibacteriales, o__Veillonellales-Selenomonadales, o__Bradymonadales, o__Omnitrophales, o__Armatimonadales, o__Mycoplasmatales, o__Alphaproteobacteria_Incertae_Sedis, o__Peptostreptococcales-Tissierellales, o__Synergistales, o__Caulobacterales, o__Clostridia_vadinBB60_group, o__Saccharimonadales, o__Campylobacterales, o__Cyanobacteriales, c__Bacilli_unassigned, c__Actinobacteria_unassigned, o__Deinococcales, o__Eubacteriales, o__Actinomarinales, o__Chitinophagales, o__Kineosporiales, c__Gammaproteobacteria_unassigned, o__Corynebacteriales, o__Bifidobacteriales,d__Bacteria_unassigned, c__Bacteroidia_unassigned, o__Thermoactinomycetales, o__Oscillospirales, o__Coriobacteriales, o__Obscuribacterales, o__Babeliales, o__Bryobacterales, o__Fusobacteriales, o__Micropepsales, o__Solirubrobacterales, o__Myxococcales, o__Lactobacillales, o__Solibacterales, o__Polyangiales, o__Tepidisphaerales, o__Azospirillales, o__Frankiales, o__Cardiobacteriales, o__Acetobacterales, o__Lachnospirales, o__Actinomycetales, o__Enterobacterales, o__Burkholderiales, o__Legionellales, o__Asgardarchaeota, o__RF39, o__Gaiellales, o__Salinisphaerales, o__Flavobacteriales, o__Aenigmarchaeales, o__Bdellovibrionales, o__Rhodospirillales, o__C0119, o__Subgroup_7, p__Chloroflexi_unassigned, o__Absconditabacteriales_(SR1), o__Pseudomonadales, o__Acidithiobacillales, o__Micromonosporales, o__Monoglobales, o__IMCC26256, o__Sphingomonadales, o__Chloroplast, o__Thermomicrobiales, o__Marine_Group_II, o__Rubrobacterales, o__Spirochaetales, o__SBR1031, o__Oligoflexales, o__Thermaerobacterales, o__Streptosporangiales, o__JGI_0000069-P22, o__Longimicrobiales, o__Rhodothermales, o__Bacillales, o__Rhizobiales, o__Diplorickettsiales, c__Acidimicrobiia_uncultured, o__Blastocatellales, o__Clostridia_UCG-014, o__NB1-j, o__TK10, o__Gemmatales, o__Rhodobacterales, o__Acidobacteriales
blankswab.1,0,0,0,0,0,0,0,0,0,0,0,0,0,0,0,0,0,0,0,0,0,0,0,0,0,0,0,0,0,0,0,0,0,0,0,0,0,0,0,0,0,0,0,0,0,0,0,0,0,0,0,0,0,3,0,0,0,0,0,0,0,0,0,0,0,0,0,0,0,0,0,0,0,0,0,0,0,0,0,0,0,0,0,0,0,0,0,0,0,0,0,0,0,0,0,0,0,0,0,0,0,0,0,0,0,0,0,0,0,6,0,0,0,0,0,0,0,0,0,0,0,0,0,0,0,0,0,0,0,0,0,0,0,0,0,0,0,0,0,0,0,0,0,0,0,0,0,0,0,0,0,0
blankswab.2,0,0,0,0,0,0,0,0,0,0,0,0,0,0,0,0,0,0,0,0,0,0,0,0,0,0,0,0,0,0,0,0,0,0,0,0,0,0,0,0,0,0,0,0,0,0,0,0,0,0,0,0,0,5,0,0,0,0,0,0,0,0,0,0,0,0,0,0,0,0,0,0,0,0,0,0,0,0,0,0,0,0,0,0,0,0,0,0,0,0,0,0,0,0,0,0,0,0,0,0,0,0,0,0,0,0,0,0,0,4,0,0,0,0,0,0,0,0,0,0,0,0,0,0,0,0,0,0,0,0,0,0,0,0,0,0,0,0,0,0,0,3,0,0,0,0,0,0,0,0,0,0
DNAfreewater.1,0,0,0,0,0,0,0,0,0,0,0,0,0,0,0,0,0,0,0,0,0,0,0,0,0,0,0,0,0,0,0,0,0,0,0,0,0,0,0,0,0,0,0,0,0,0,0,0,0,0,0,0,0,58,0,0,0,0,0,0,0,0,0,0,0,0,0,0,0,0,0,0,0,0,0,0,0,0,0,0,0,0,0,0,0,0,0,0,0,0,0,0,0,0,0,0,0,0,0,0,0,0,0,0,0,0,0,0,0,16,0,0,0,0,0,0,0,0,0,0,0,0,0,0,0,0,0,0,0,0,0,0,0,0,0,0,0,0,0,0,0,15,0,0,0,0,0,0,0,0,0,0
DNAfreewater.2,0,0,0,0,0,0,0,0,0,0,0,0,0,0,0,0,0,0,0,0,0,0,0,0,0,0,0,0,0,0,0,0,0,0,0,0,0,0,0,0,0,0,0,0,0,0,0,0,0,0,0,0,0,8,0,0,0,0,0,0,0,0,0,0,0,0,0,0,0,0,0,0,0,0,0,0,0,4,0,0,0,0,0,0,0,0,0,0,0,0,0,0,0,0,0,0,0,0,0,0,0,0,0,0,0,0,0,0,0,11,0,0,0,0,0,0,0,0,0,0,0,0,0,0,0,0,0,0,0,0,0,0,0,0,0,0,0,3,0,0,0,6,0,0,0,0,0,0,0,0,0,0
EBLANK.MB1,0,0,13,0,0,0,0,0,0,0,0,0,0,0,0,0,0,0,0,0,0,0,0,0,0,0,0,0,0,0,0,0,0,0,0,0,0,0,0,0,0,0,0,0,0,0,0,0,0,0,0,0,0,439,0,0,0,0,0,0,0,0,0,0,0,0,0,0,0,0,0,0,0,0,0,0,0,0,0,0,0,0,0,0,0,0,0,0,0,0,0,40,0,0,0,0,0,0,0,0,0,0,0,0,0,0,0,0,0,223,0,0,0,0,0,0,0,0,0,0,0,0,0,0,0,0,0,0,0,42,0,0,185,0,0,0,0,0,0,0,0,301,0,0,0,0,0,0,0,0,0,0
EBLANK.MB2,0,0,0,0,0,0,0,0,0,0,0,0,0,0,0,0,0,0,0,0,0,0,0,0,0,0,0,0,0,0,0,0,0,0,0,0,0,0,0,0,0,0,0,0,0,0,0,0,0,0,0,0,0,269,0,0,0,0,0,0,0,0,0,0,0,0,0,0,0,0,0,0,0,0,0,0,0,0,0,0,0,0,0,0,0,0,0,0,0,0,0,0,0,0,0,0,0,0,0,0,0,0,0,0,0,0,0,0,0,98,0,0,0,0,0,0,0,0,0,0,0,0,0,0,0,0,0,0,0,0,0,0,32,0,0,0,0,0,0,0,0,10,0,0,0,0,0,0,0,0,0,0
EBLANK.MB3,0,0,0,0,0,0,0,0,0,0,0,0,0,0,0,0,0,0,0,0,0,0,0,0,0,0,0,0,0,0,0,0,0,0,0,0,0,0,0,0,0,0,0,0,0,0,0,0,0,0,0,0,0,235,0,0,0,0,0,0,0,0,0,0,0,0,0,0,0,0,0,0,0,0,0,0,0,0,0,0,0,0,0,0,0,0,0,0,0,0,0,0,0,0,0,0,0,0,0,0,0,0,0,0,0,0,0,0,0,50,0,0,0,0,0,0,6,0,0,0,0,0,0,0,0,0,0,0,0,0,0,0,43,0,0,0,0,0,0,0,0,167,17,0,0,0,0,0,0,0,0,0
EBLANK001,0,0,0,0,0,9,0,0,0,0,0,0,0,0,0,0,0,0,0,0,0,0,0,0,0,0,0,0,0,0,0,0,0,0,0,0,0,0,0,0,0,0,0,0,0,0,0,0,0,0,0,0,0,241,0,0,21,0,0,19,0,0,0,0,0,0,0,0,0,0,0,0,0,0,0,0,0,0,11,0,0,0,0,0,0,0,0,0,0,0,0,0,0,0,0,0,0,0,5,0,0,0,0,0,0,0,0,0,0,78,0,0,0,0,0,17,0,0,0,0,0,0,0,0,0,0,0,0,0,0,0,0,36,0,0,0,0,17,0,0,0,112,6,0,0,0,0,0,0,0,0,0
EBLANK002,0,0,0,0,0,12,13,0,0,0,0,0,0,0,0,0,0,0,0,0,0,0,0,0,0,0,0,0,0,0,0,0,0,0,0,0,0,0,0,0,0,0,0,0,0,0,0,0,0,0,0,0,0,563,0,0,45,0,0,0,0,0,35,0,0,4,0,0,0,0,0,0,0,0,0,0,0,0,0,0,0,0,0,0,0,0,0,0,0,0,0,0,0,0,0,0,0,0,74,0,0,0,0,0,0,0,0,0,11,137,0,0,0,0,0,0,0,0,0,0,0,0,0,15,0,0,0,0,0,28,0,0,196,0,0,0,0,32,0,0,0,196,34,0,0,0,0,0,0,0,0,0
EBLANK003,0,0,0,0,0,0,0,0,0,0,0,0,0,0,0,0,0,0,0,0,0,0,0,0,0,0,0,0,0,0,0,0,0,0,0,0,0,0,0,0,0,0,0,0,0,0,0,0,0,0,0,0,0,567,0,0,0,0,0,0,0,0,0,0,0,0,0,0,0,0,0,0,0,0,0,0,0,0,0,0,0,0,0,0,18,0,0,0,0,0,0,0,0,0,0,0,0,0,0,0,0,0,0,0,0,0,0,0,4,169,0,0,0,0,0,0,0,0,0,0,0,0,0,0,0,0,0,0,0,0,0,0,44,0,0,0,0,0,0,0,0,280,62,0,0,0,0,0,0,0,0,0
EBLANK004,0,0,0,0,0,0,0,0,0,0,0,0,0,0,0,0,0,0,0,0,0,0,0,0,0,0,0,0,0,3,0,0,0,0,0,0,0,0,0,0,0,0,0,0,0,0,0,0,0,0,0,0,0,320,0,0,0,0,0,0,0,0,12,0,0,0,0,0,0,0,0,0,0,0,0,0,0,0,0,0,0,3,0,0,8,0,0,0,0,0,0,0,0,0,0,0,0,0,0,0,0,0,3,0,0,0,0,0,0,127,0,0,0,0,0,3,0,0,0,0,0,0,0,0,0,0,0,0,0,0,0,0,123,0,0,0,0,17,0,0,0,114,4,0,0,0,0,0,0,0,0,0
EBLANK006,0,0,0,0,0,0,0,0,0,0,34,0,0,0,0,0,0,0,0,0,0,0,0,65,0,0,0,0,0,0,0,0,0,0,0,0,0,0,0,0,0,0,0,0,0,0,0,0,0,0,0,0,0,773,0,0,0,0,0,13,0,0,0,41,0,0,0,0,0,0,0,0,0,0,0,0,0,30,0,0,0,0,0,0,0,0,0,0,0,0,0,17,0,0,0,0,0,0,260,0,0,0,0,0,0,0,0,203,0,156,0,0,0,0,0,0,0,0,0,0,0,0,0,0,0,0,0,0,0,19,0,0,129,0,0,0,0,0,0,0,0,272,0,0,0,0,0,0,0,0,0,0
EBLANK007,0,0,0,0,0,0,0,0,0,0,0,0,0,0,0,0,0,0,0,0,0,0,0,0,0,0,0,0,0,0,0,0,0,0,0,0,0,0,0,0,0,0,0,0,0,0,0,0,0,0,0,0,0,482,0,0,0,0,0,0,0,0,0,0,0,0,0,0,0,0,0,0,0,0,0,0,0,0,0,0,0,0,0,0,0,0,0,0,0,0,0,0,0,0,0,0,0,0,0,0,0,0,0,0,0,0,0,0,0,113,0,0,0,0,0,0,0,17,0,0,0,0,0,0,0,0,0,0,0,0,0,0,62,0,0,0,0,70,0,0,0,136,0,12,0,0,0,0,0,0,16,0
EBLANK008,0,0,0,0,0,0,0,0,0,0,0,0,0,0,0,0,0,0,0,0,0,0,0,0,0,0,0,0,0,0,0,0,0,0,0,0,0,0,0,0,0,0,0,0,0,0,0,0,0,0,0,0,0,289,0,0,0,0,0,0,0,0,0,0,0,0,0,0,0,0,0,0,0,0,0,0,0,0,0,0,0,0,0,0,0,0,0,0,0,0,0,0,0,0,0,0,0,0,0,0,0,0,0,0,0,0,0,0,0,90,0,0,0,0,0,13,0,0,0,0,0,0,0,0,0,0,0,0,16,0,0,0,52,0,0,0,0,23,0,0,0,342,35,0,0,0,0,0,0,0,0,0
EBLANK009,0,0,0,0,0,0,0,0,0,0,0,0,0,0,0,0,0,0,0,0,0,0,0,0,0,0,0,0,0,0,0,0,0,0,0,0,0,0,0,0,0,0,0,0,0,0,0,0,0,0,0,0,0,247,0,0,15,0,0,0,0,0,29,0,0,0,0,0,0,0,0,0,0,0,0,0,0,0,0,0,0,0,0,0,0,0,0,0,0,0,0,0,0,0,0,0,0,0,0,0,0,0,0,0,0,29,0,0,0,59,0,0,0,0,0,0,0,0,0,0,0,0,0,0,0,0,0,0,0,0,0,0,44,0,0,0,0,0,0,0,0,210,22,0,0,0,0,0,0,0,0,0
EBLANK011,0,0,0,0,0,0,0,0,0,0,0,0,0,0,0,0,0,0,0,0,0,0,0,0,0,0,0,0,8,0,0,0,0,0,0,0,0,0,0,0,0,0,0,0,0,0,0,0,0,0,0,0,0,212,0,0,96,0,0,0,0,0,19,0,0,0,0,0,0,0,0,18,0,0,0,0,0,0,0,0,0,0,0,0,0,0,0,0,0,0,0,0,0,0,0,0,0,0,14,0,0,0,0,0,0,0,0,0,0,70,0,0,0,0,0,0,0,0,0,0,0,0,0,0,0,0,0,0,0,0,0,0,47,0,0,0,0,14,0,0,0,139,8,7,0,0,0,0,0,0,13,0
EBLANK013,0,0,0,0,0,0,0,0,0,0,0,0,0,0,0,0,0,0,0,0,0,0,0,0,0,0,0,0,0,0,0,0,0,0,0,0,0,0,0,0,0,0,0,0,0,0,0,0,0,0,0,0,0,473,0,0,17,0,0,0,0,0,0,0,0,0,0,0,0,0,0,0,0,0,0,0,0,0,0,0,0,0,0,0,0,0,0,0,0,0,0,0,0,0,0,0,0,0,0,0,0,0,0,0,0,0,0,0,0,133,0,0,0,0,0,0,0,0,0,0,0,0,0,33,0,0,0,0,0,0,0,0,53,0,0,0,0,0,0,0,0,279,23,0,0,0,0,0,0,0,0,0
MASK001.V1.MASK,0,0,0,5,0,0,0,0,0,0,0,0,0,0,0,0,0,0,0,0,0,0,0,1119,12,0,0,0,0,2,0,0,5,0,0,0,0,0,0,0,0,0,0,0,0,558,49,0,0,0,0,0,0,11,0,0,1736,0,0,826,0,0,2409,325,0,0,0,0,0,18,0,0,0,4,6,0,0,0,0,0,0,0,0,0,1145,0,0,0,0,17,9,0,0,0,443,0,0,0,5815,0,0,0,0,0,54,0,49,1033,189,2138,0,0,0,0,0,127,0,0,0,0,0,0,0,72,0,0,0,0,27,48,0,0,0,0,0,0,0,0,0,0,0,0,3,0,0,0,0,0,0,0,2,0
MASK001.V1.SKIN,2,0,0,0,0,0,0,0,0,0,0,0,0,5,0,0,0,0,0,0,0,0,0,33,3,0,0,0,0,0,0,0,0,0,0,0,0,0,0,0,0,0,0,0,0,40,3,0,0,0,0,0,0,4,0,0,72,0,0,8736,0,0,17323,30,0,0,0,0,0,316,0,0,0,0,0,0,0,0,7,0,0,0,0,0,1076,0,4,0,2,0,0,0,0,0,44,0,0,0,1390,0,0,0,0,6,3,6,0,108,14,401,0,0,0,0,0,22,0,0,0,0,0,0,0,7,0,0,0,0,30,20,0,0,0,0,0,0,0,0,0,0,0,0,4,0,0,0,0,0,0,0,5,0
MASK001.v1.throat,0,0,0,0,0,0,0,0,0,0,0,5,0,0,0,0,0,0,0,0,0,0,0,916,95,0,0,0,0,0,0,0,0,0,0,0,0,0,0,0,0,0,0,0,0,7034,0,0,0,0,0,0,0,0,0,0,2462,0,0,1286,0,0,3,9306,0,0,0,0,0,177,0,0,0,39,304,0,26,3,0,0,0,0,0,0,10,0,7,0,0,0,236,0,0,0,2293,0,0,0,24785,0,0,0,0,0,4,0,1618,3459,21,488,0,0,0,0,0,64,0,0,0,0,0,0,0,0,0,0,0,0,0,0,0,0,0,7,0,0,0,0,0,0,0,0,0,0,0,0,0,0,0,0,0,0
MASK001.V2.MASK,0,0,38,0,0,0,0,0,0,0,0,0,0,0,0,0,0,0,0,0,0,0,0,0,0,0,0,0,0,0,0,0,0,0,0,0,0,0,0,0,0,0,0,0,0,49,0,0,0,0,0,0,0,492,0,0,876,0,0,858,0,0,1285,133,0,0,0,0,0,0,0,0,0,0,0,0,0,44,0,0,0,0,0,0,1635,0,0,0,0,0,6,0,0,0,5,0,0,0,3364,0,0,0,0,0,15,0,49,706,0,390,0,0,0,0,0,0,0,0,0,0,0,0,0,23,0,0,0,0,0,142,0,0,328,0,0,0,0,0,0,0,0,149,0,0,0,0,0,0,0,0,63,0
MASK001.V2.SKIN,0,0,0,0,0,0,0,0,0,0,0,0,0,0,0,0,0,0,4,0,0,0,0,0,0,0,0,0,0,0,0,0,0,0,0,0,0,0,0,0,0,0,0,0,0,0,0,0,0,0,0,0,0,0,0,0,13,0,0,18219,0,0,12261,10,0,0,0,0,0,762,0,0,0,0,0,0,0,0,2,0,0,0,0,0,892,0,0,0,0,0,0,0,0,0,0,0,2,0,101,0,0,0,0,0,0,0,0,9,0,8,0,0,0,0,0,0,0,0,0,0,0,0,0,0,0,0,0,0,0,51,0,0,0,0,0,0,0,0,0,0,0,0,2,0,0,0,0,0,0,0,0,0
MASK001.v2.throat,0,0,0,0,0,0,0,0,0,0,0,3,0,0,0,0,0,0,0,0,0,0,0,26,0,0,0,0,0,0,0,0,0,0,0,0,0,0,0,0,0,0,0,0,0,649,0,0,0,0,0,0,0,0,0,0,522,0,0,192,0,0,5,4218,0,0,0,0,0,30,0,0,0,3,39,0,0,0,0,0,0,0,0,0,4,0,3,0,0,0,160,0,0,0,324,0,0,0,13620,0,0,0,0,0,0,0,313,1097,0,23,0,0,0,0,0,4,0,0,0,0,0,0,0,0,0,0,0,0,0,9,0,0,0,8,0,0,0,0,0,0,0,0,0,0,0,0,0,0,0,0,0,0
MASK001.V3.MASK,0,0,0,0,0,0,0,0,0,0,0,0,0,0,0,0,0,0,0,0,0,0,0,2492,2,0,0,0,0,0,0,0,0,0,0,0,0,0,0,0,0,0,0,0,0,4021,0,0,0,0,0,0,0,0,0,0,1078,0,0,506,0,0,247,1697,0,0,0,0,0,17,0,0,0,15,55,0,22,0,0,0,0,0,0,0,322,0,0,0,0,0,65,0,0,0,387,0,0,0,8323,0,0,0,0,0,14,0,109,1036,0,773,0,0,0,0,0,23,0,0,0,0,0,0,0,0,0,0,0,0,0,0,0,0,0,0,0,0,0,0,0,0,0,0,0,0,0,0,0,0,0,0,0,0
MASK001.V3.SKIN,0,0,0,0,0,0,0,0,0,0,0,0,0,0,0,0,0,0,7,0,0,0,0,15,0,0,0,0,0,0,0,0,0,0,0,0,0,0,0,0,0,0,0,0,0,8,8,0,0,0,0,0,0,18,0,0,81,0,0,3143,0,0,23260,37,0,0,0,0,0,830,0,7,0,0,0,0,0,0,11,0,0,0,0,0,1328,0,0,0,0,0,0,0,0,0,8,0,0,0,207,0,0,0,0,4,0,10,0,17,13,56,0,0,0,0,0,25,0,0,0,0,0,0,0,57,0,0,0,0,77,24,0,0,4,0,0,0,0,0,0,0,0,40,21,0,0,0,0,0,0,0,17,0
MASK001.v3.throat,0,0,0,0,0,0,0,0,0,0,0,7,0,0,0,0,0,0,0,0,0,0,0,128,7,0,0,0,0,0,0,0,0,0,0,0,0,0,0,0,0,0,0,0,0,4276,0,0,0,0,0,0,0,0,0,0,203,0,0,157,0,0,0,2909,0,0,0,0,0,6,0,0,0,13,168,0,0,0,0,0,0,0,0,0,0,0,7,0,0,0,180,0,0,0,112,0,0,0,7034,0,0,0,0,0,0,0,1150,763,0,9,0,0,0,0,0,4,0,0,0,0,0,0,0,0,0,0,0,0,0,2,0,0,0,0,0,0,0,0,0,0,0,0,0,0,0,0,0,0,0,0,0,0
MASK002.V1.MASK,0,0,0,0,0,0,0,0,0,0,0,0,0,0,0,0,0,0,0,0,0,0,0,22,0,0,0,0,0,0,0,0,0,0,0,0,0,0,0,0,0,0,0,0,0,27,0,0,0,0,0,0,0,51,0,0,163,0,0,181,0,0,26036,9,0,0,0,0,0,3,0,0,8,3,0,0,0,0,0,0,0,0,0,0,743,0,0,0,0,0,0,0,0,0,0,0,0,0,276,0,0,0,0,0,0,8,3,1524,5,31,0,0,0,0,0,0,0,0,0,0,0,0,0,0,0,0,0,0,0,23,0,0,32,0,0,0,0,0,0,0,0,31,7,0,0,0,0,0,0,0,0,0
MASK002.V1.SKIN,0,0,0,0,0,0,0,0,0,0,0,0,0,0,0,0,0,0,0,0,0,0,0,0,0,0,0,0,0,0,0,0,0,0,0,0,0,0,0,0,0,0,0,0,0,0,0,0,0,0,0,0,0,0,0,0,36,0,0,1284,0,0,26493,0,0,0,0,0,0,0,0,0,0,0,0,0,41,5,0,0,0,0,0,0,122,0,0,0,0,0,2,0,0,0,0,0,0,0,263,0,0,0,0,0,0,29,0,1408,0,0,0,0,0,0,0,0,0,0,0,0,0,0,0,0,0,0,0,0,0,0,0,0,0,0,0,0,0,0,0,0,0,0,0,0,0,0,0,0,0,0,0,0
MASK002.v1.throat,0,0,0,0,0,0,0,0,0,0,0,16,0,0,0,0,0,0,0,0,0,0,0,3652,13,0,0,0,0,0,0,0,0,0,0,0,0,0,0,0,0,0,0,0,0,2434,0,0,0,0,0,0,0,0,0,0,823,0,0,3317,0,0,0,13042,0,0,0,0,0,185,0,0,0,25,37,0,4,0,0,0,0,0,0,0,3,0,14,0,0,0,35,0,0,0,2099,0,0,0,21941,0,0,0,0,0,0,0,326,3746,0,6357,0,0,0,0,0,490,0,0,0,0,0,0,0,0,0,0,0,0,0,0,0,0,0,3,0,0,0,0,0,0,0,0,0,0,0,0,14,0,0,0,0,0
MASK002.V2.SKIN,0,0,0,0,0,0,0,0,0,0,0,0,0,0,0,0,0,0,0,0,0,0,0,111,0,0,0,0,0,0,0,0,0,0,0,0,0,0,0,0,0,0,0,0,0,2,0,0,0,0,0,0,0,0,0,0,139,0,0,1563,0,0,15423,25,0,0,0,0,0,2,0,0,0,0,0,0,55,23,0,0,0,0,0,0,609,0,7,0,0,0,0,0,0,0,22,0,0,0,2116,0,0,0,0,0,4,16,0,3643,0,356,0,0,0,0,0,3,0,0,0,0,0,0,0,0,0,0,0,0,0,0,0,0,0,0,0,0,0,0,0,0,0,0,0,0,0,0,0,0,0,0,2,0
MASK002.v2.throat,0,0,0,0,0,0,0,0,0,0,0,0,0,0,0,0,17,0,0,0,0,0,0,562,116,0,0,0,0,0,0,0,0,0,0,0,0,0,0,3,0,0,0,0,0,5217,0,0,0,0,0,0,0,0,0,0,2172,0,0,2007,0,0,96,3428,0,0,0,3,0,281,7,0,0,412,729,0,15,8,0,0,0,0,0,0,371,0,18,2,0,0,185,0,0,0,4922,0,0,0,21641,0,0,0,0,0,43,0,3034,4678,0,3092,0,0,14,0,0,270,0,0,0,0,0,0,8,0,0,0,0,0,0,20,0,0,0,45,0,0,0,0,31,0,0,0,0,0,0,0,132,0,0,0,0,0
MASK002.v2.throat.B,0,0,0,0,0,0,0,0,0,0,0,18,0,0,0,0,4,0,0,0,0,0,0,750,16,0,0,0,0,0,0,0,0,0,0,0,0,0,0,0,0,0,0,0,0,2916,0,0,0,0,0,0,0,0,0,0,94,0,0,1609,0,0,0,4965,0,0,0,0,0,161,0,0,4,16,36,0,0,0,0,0,0,0,0,0,0,0,20,0,0,0,35,0,0,0,2130,0,0,0,9906,0,0,0,0,0,0,0,471,2112,0,270,0,0,0,0,0,93,0,0,0,0,0,0,0,0,0,0,0,0,0,0,0,0,0,27,0,0,0,0,0,0,0,0,0,0,0,0,18,0,0,0,0,0
MASK002.V3.MASK,0,0,0,0,0,0,0,0,0,0,0,0,0,0,0,0,0,0,0,0,0,0,0,91,0,0,0,0,0,0,0,0,0,0,0,0,0,0,0,0,0,0,0,0,0,24,0,0,0,0,0,0,0,0,0,0,160,0,0,703,0,0,24561,110,0,0,0,0,0,8,0,0,0,2,4,0,18,0,3,0,0,0,0,0,580,0,0,0,0,0,0,0,0,0,8,0,0,0,1150,0,0,0,0,0,0,0,0,563,0,33,0,0,0,0,0,5,0,0,0,0,0,0,0,0,0,0,0,0,0,20,0,0,0,0,0,0,0,0,0,0,0,0,0,0,0,0,0,0,0,0,0,0
MASK002.V3.SKIN,0,0,0,0,0,0,0,0,0,0,0,0,0,0,0,0,0,0,0,0,0,0,0,0,0,0,0,0,0,0,0,0,0,0,0,0,0,0,0,0,0,0,0,0,0,0,0,0,0,0,0,0,0,0,0,0,0,0,0,1957,0,0,6059,0,0,0,0,0,0,0,0,0,0,0,0,0,120,3,0,0,0,0,0,0,17,0,0,0,0,0,0,0,0,0,0,0,0,0,2123,0,0,0,0,0,0,0,0,72,12005,0,0,0,0,0,0,0,0,0,0,0,0,0,0,0,0,0,0,0,0,0,0,0,0,0,0,0,0,0,0,0,0,0,0,0,0,0,0,0,0,0,0,0
MASK002.v3.throat,0,0,0,0,0,0,0,0,0,0,0,33,0,0,0,0,7,0,0,0,0,0,0,1515,15,0,0,0,0,0,0,0,0,0,0,0,0,0,0,0,0,0,0,0,0,2729,0,0,0,0,0,0,0,0,0,0,906,0,0,1749,0,0,0,4562,0,0,0,0,0,113,0,0,0,24,54,0,0,5,0,0,0,0,0,4,4,0,7,2,0,0,26,0,0,0,1008,0,0,0,13229,0,0,0,0,0,0,0,351,2280,0,762,0,0,0,0,0,433,0,0,0,0,0,0,7,0,0,0,0,0,0,0,0,0,0,26,0,0,0,0,0,0,0,0,0,0,0,0,31,0,0,0,0,0
MASK003.V1.MASK,0,0,0,0,0,0,0,0,0,0,0,0,0,0,0,0,0,0,0,0,0,0,0,70,0,0,0,0,0,0,0,0,0,0,0,0,0,0,0,0,0,0,0,0,0,109,66,0,0,0,0,0,0,90,0,0,128,0,0,4147,0,0,18988,180,0,0,0,0,0,15,0,0,0,3,0,0,0,0,0,0,0,0,0,0,199,0,0,0,0,0,0,14,0,0,32,0,0,0,1636,0,0,0,0,0,4,0,4,108,83,75,0,0,0,0,0,7,0,0,0,0,0,0,5,188,0,0,0,0,2,10,0,0,51,0,0,0,0,0,0,0,0,98,89,0,0,0,0,0,0,0,0,0
MASK003.V1.SKIN,0,0,0,0,0,0,0,0,0,0,0,0,0,0,0,0,0,0,0,0,0,0,0,48,2,0,0,0,0,0,0,0,0,0,0,0,2,0,0,8,0,0,0,0,0,195,357,0,0,0,0,0,0,0,0,0,59,0,0,464,0,0,25190,276,0,0,0,0,0,0,0,0,0,12,7,0,0,2,2,0,0,0,0,6,45,0,0,0,0,0,9,0,0,0,25,0,0,0,1617,0,0,0,0,0,0,0,15,222,187,31,0,0,0,0,0,2,0,0,0,0,0,0,0,314,0,0,0,0,115,0,0,0,0,0,0,0,0,0,0,0,0,0,104,0,0,0,0,0,0,0,0,0
MASK003.v1.throat,0,0,0,0,0,0,0,0,0,0,0,19,0,0,0,0,0,0,0,0,0,0,0,369,0,0,0,0,0,0,0,0,0,0,0,0,0,0,0,0,0,0,0,0,0,596,0,0,0,0,0,0,0,0,0,0,238,0,0,667,0,0,0,1463,0,0,0,0,0,0,0,0,0,40,86,0,3,2,0,0,0,0,0,0,3,0,15,0,0,0,32,0,0,0,2446,0,0,0,7585,0,0,0,0,0,4,0,238,3028,0,860,0,0,0,0,0,316,0,0,0,0,0,0,0,0,0,0,0,0,0,0,0,0,0,3,0,0,0,0,0,0,0,0,0,0,0,0,24,0,0,0,0,0
MASK003.V2.MASK,0,0,0,0,0,0,0,0,0,0,0,0,0,0,0,0,0,0,0,0,0,0,0,148,0,0,0,0,0,0,0,0,0,0,0,0,0,0,0,0,0,0,0,0,0,157,0,0,0,0,0,0,0,300,0,0,193,0,0,75,0,0,8774,0,0,0,0,0,0,25,0,19,0,65,0,0,0,0,0,0,0,0,0,0,0,0,0,0,0,0,0,0,0,0,0,0,0,0,1328,0,0,0,0,0,0,0,127,161,40,421,0,29,0,0,0,0,0,0,0,0,0,0,0,61,0,0,0,0,0,35,0,0,168,0,0,0,0,22,0,0,0,248,38,0,0,0,0,0,0,0,0,0
MASK003.V2.SKIN,0,0,0,0,0,0,0,0,0,0,0,0,0,0,0,0,0,0,0,0,0,0,0,167,2,0,0,0,0,0,0,0,0,0,0,0,0,0,0,4,0,0,0,0,0,1206,163,0,0,0,0,0,0,0,0,0,530,0,0,616,0,0,19237,764,0,0,0,0,0,13,0,0,0,31,8,0,8,0,0,0,0,0,0,0,76,0,3,0,0,0,29,0,0,0,72,0,0,0,5947,0,0,0,0,0,3,5,54,679,47,124,0,0,0,0,0,16,0,0,0,0,0,0,0,97,0,0,0,0,22,19,0,0,0,0,0,0,0,0,0,0,0,3,35,0,0,0,4,0,0,0,7,0
MASK003.V2.SKIN.B,0,0,0,0,0,0,0,0,0,0,0,0,0,0,0,0,0,2,0,0,0,0,0,340,0,0,0,0,0,0,0,0,0,0,0,0,0,0,0,4,0,0,0,0,0,1076,76,0,0,0,0,0,0,0,0,0,496,0,0,513,0,0,16449,762,0,0,0,0,0,45,0,0,0,16,17,0,0,0,0,0,0,0,0,0,82,0,0,0,0,0,23,0,0,0,203,0,0,0,7150,0,0,0,0,0,2,0,0,441,7,272,0,0,0,0,0,14,0,0,0,0,0,0,0,83,0,0,0,0,36,17,0,0,0,2,0,0,0,0,0,0,0,0,11,0,0,0,2,0,0,0,4,0
MASK003.v2.throat,0,0,0,0,0,0,0,0,0,0,0,2,0,0,0,0,0,0,0,0,0,0,0,2923,18,0,0,0,0,0,0,0,0,0,0,0,0,0,0,0,0,0,0,0,0,781,0,0,0,0,0,0,0,0,0,0,1447,0,0,1669,0,0,0,3129,0,0,0,0,0,33,0,0,0,69,123,0,0,0,0,0,0,0,0,2,0,0,3,0,0,0,22,0,0,0,1871,0,0,0,13896,0,0,0,0,0,0,0,119,6457,0,4952,0,0,0,0,0,608,0,0,0,0,0,0,3,0,0,0,0,0,0,0,0,0,0,0,0,0,0,0,0,0,0,0,0,0,0,0,22,0,0,0,0,0
MASK003.V3.MASK,0,0,0,0,0,0,0,0,0,0,0,0,0,0,0,0,0,0,0,0,0,0,0,163,2,0,0,0,0,0,0,0,0,0,0,0,0,0,0,0,0,0,0,0,0,404,42,0,0,0,0,0,0,16,0,0,592,0,0,768,0,0,17301,398,0,0,0,0,0,28,0,0,0,20,13,0,0,0,0,0,0,0,0,0,188,0,0,0,0,0,25,0,0,0,56,0,0,0,5361,0,0,0,0,2,0,0,24,325,0,245,0,0,0,0,0,20,0,0,0,0,0,0,4,45,0,0,0,0,21,10,0,0,0,0,0,0,0,0,0,0,0,2,0,0,0,0,0,0,0,0,0,0
MASK003.v3.throat,0,0,0,0,0,0,0,0,0,0,0,24,0,0,0,0,2,0,0,0,0,0,0,4012,13,0,0,0,0,0,0,0,0,0,0,0,0,0,0,0,0,0,0,0,0,996,0,0,0,0,0,0,0,0,0,0,2573,0,0,1509,0,0,0,3408,0,0,0,0,0,18,0,0,0,31,75,0,0,0,0,0,0,0,0,0,0,0,5,0,0,0,22,0,0,0,1400,0,0,0,12617,0,0,0,0,0,0,0,245,2202,0,2933,0,0,4,0,0,378,0,0,0,0,0,0,0,0,0,0,0,0,0,0,0,0,0,0,0,0,0,0,0,0,0,0,0,0,0,0,7,0,0,0,0,0
MASK004.V1.MASK,0,0,0,0,0,0,0,0,0,0,0,0,5,0,0,0,0,0,0,0,0,0,0,1587,5,0,0,0,0,0,0,0,0,0,0,0,56,0,0,0,0,0,0,0,0,543,0,0,0,0,0,0,0,75,0,0,631,0,0,2697,0,0,3546,372,0,0,0,0,0,138,0,0,0,6,0,0,0,0,0,0,0,0,0,0,1262,0,0,0,0,0,0,0,0,0,422,0,0,0,11106,0,0,0,0,0,16,0,136,390,3,1876,0,0,0,0,0,134,3,0,0,0,0,0,21,0,0,0,0,0,9,107,0,0,41,0,0,0,0,0,0,0,0,53,3,0,0,0,4,0,0,0,0,16
MASK004.V1.SKIN,0,0,0,0,0,0,0,0,0,0,0,0,0,0,0,0,0,0,0,0,0,0,0,0,0,0,0,0,0,0,0,0,0,0,0,0,0,0,0,0,0,0,0,0,0,2,0,0,0,0,0,0,0,0,0,0,0,0,0,9662,0,0,16754,0,0,0,0,0,0,573,0,0,0,0,0,0,0,0,0,0,0,0,0,0,416,0,0,0,0,0,0,0,0,0,0,0,0,0,2,0,0,0,0,0,0,0,0,0,0,3,0,0,0,0,0,0,0,0,0,0,0,0,0,0,0,0,0,0,0,0,0,0,0,0,0,0,0,0,0,0,0,0,0,0,0,0,0,0,0,0,0,0
MASK004.v1.throat,0,0,0,0,0,0,0,0,0,0,0,8,0,0,0,0,0,0,0,0,0,0,0,5900,16,0,0,0,0,0,0,0,0,0,0,0,0,0,0,0,0,3,0,0,0,7004,0,0,0,0,0,0,0,0,0,0,973,0,0,8684,0,0,0,4219,0,0,0,0,0,193,0,0,0,12,43,0,0,0,0,0,0,0,0,0,14,0,5,0,0,0,5,0,0,0,2630,0,0,0,24180,0,0,0,0,0,0,0,177,2046,0,10906,0,0,0,0,0,344,0,0,0,0,0,0,0,0,0,0,0,0,0,0,0,0,0,3,0,0,0,0,0,0,0,0,0,0,0,0,9,0,0,0,0,0
MASK004.V2.SKIN,0,0,0,0,0,0,0,0,0,0,0,2,0,0,0,0,0,0,0,0,0,0,0,0,0,0,0,0,0,0,0,0,0,0,0,0,0,0,0,0,0,0,0,0,0,3,0,0,0,0,0,0,0,0,0,0,18,0,0,6352,0,0,22441,0,0,0,0,0,0,956,0,0,0,0,0,0,3,0,0,0,0,0,0,0,701,0,0,0,0,0,0,0,0,0,11,0,0,0,28,0,0,0,0,0,0,0,0,0,0,29,0,0,0,0,0,0,0,0,0,0,0,0,0,0,0,0,0,0,3,3,0,0,0,0,0,0,0,0,0,0,0,0,0,0,0,0,0,0,0,0,0,0
MASK004.V2.SKIN.B,0,0,0,0,0,0,0,0,0,0,0,0,0,0,0,0,0,0,0,0,0,0,0,0,0,0,0,0,0,4,0,0,0,9,0,0,0,0,0,0,0,0,0,0,0,0,0,0,0,0,0,0,0,366,0,0,0,0,0,0,0,0,0,0,0,0,0,0,0,0,0,0,0,0,0,0,0,0,0,0,0,0,0,0,0,0,0,0,0,0,0,0,0,0,0,0,0,0,0,0,0,0,0,0,0,0,0,0,0,70,0,0,0,0,0,0,0,0,0,0,0,0,0,0,0,0,0,0,0,0,0,0,51,0,0,0,0,51,0,0,0,178,70,0,0,0,0,0,0,0,0,13
MASK004.v2.throat,0,0,0,0,0,0,0,0,0,0,0,3,0,0,0,0,3,0,0,0,0,0,16,3249,19,0,0,0,0,0,0,0,0,0,0,0,0,0,0,0,0,0,0,0,0,8235,0,0,0,0,0,0,0,0,0,0,2095,0,0,1887,0,0,76,1931,0,0,0,0,0,358,0,0,0,27,69,0,3,4,0,0,0,0,0,0,96,0,5,0,0,0,34,0,0,0,2491,0,0,0,20397,0,0,0,0,0,0,0,203,1017,0,8026,0,0,0,0,0,148,0,0,0,0,0,0,8,2,0,0,0,0,0,4,0,0,0,22,0,0,0,0,0,0,0,0,0,0,0,0,5,0,0,0,0,0
MASK004.v2.throat.B,0,0,0,0,0,0,0,0,0,0,0,6,0,0,0,0,0,0,0,0,0,0,15,2187,20,0,0,0,0,0,0,0,0,0,0,0,0,0,0,0,0,0,0,0,0,5099,0,0,0,0,0,0,0,0,0,0,506,0,0,628,0,0,0,1324,0,0,0,0,0,474,0,0,0,8,8,0,0,0,0,0,0,0,0,0,13,0,7,0,0,0,12,0,0,0,1800,0,0,0,6334,0,0,0,0,0,0,0,100,433,0,627,0,0,0,0,0,63,0,0,0,0,0,0,32,0,0,0,0,0,0,0,0,0,0,0,0,0,0,0,0,0,0,0,0,0,0,0,0,0,0,0,0,0
MASK004.V3.MASK,0,0,0,0,0,0,0,0,0,0,0,0,3,0,0,0,0,0,0,0,0,0,0,117,2,0,0,0,0,0,0,0,0,0,0,0,0,0,0,2,0,0,0,0,0,168,8,0,0,0,0,0,0,0,0,0,149,0,0,4116,0,0,15884,62,0,0,0,0,0,107,0,0,0,0,4,0,0,0,0,0,0,0,0,0,951,0,0,0,0,0,0,0,0,0,70,0,0,0,1741,0,0,0,0,0,5,0,12,85,0,575,0,0,0,0,0,8,0,0,0,0,0,0,0,17,0,0,0,0,9,28,2,0,0,0,0,0,0,0,0,0,0,40,14,0,0,0,0,0,0,0,0,0
MASK004.V3.SKIN,0,0,0,0,0,0,0,0,0,0,0,0,0,0,0,0,0,0,0,0,0,0,0,0,0,0,0,0,0,0,0,0,0,0,0,0,0,0,0,0,0,0,0,0,0,0,0,0,0,0,0,0,0,0,0,0,0,0,0,23438,0,0,7452,0,0,0,0,0,0,109,0,0,0,0,0,0,0,0,0,0,0,0,0,0,227,0,0,0,0,0,0,0,0,0,0,0,0,0,0,0,0,0,0,0,0,0,0,0,0,7,0,0,0,0,0,0,0,0,0,0,0,0,0,0,0,0,0,0,0,0,0,0,0,0,0,0,0,0,0,0,0,0,0,0,0,0,0,0,0,0,0,0
MASK004.v3.throat,0,0,0,0,0,0,0,0,0,0,0,0,0,0,0,0,0,0,0,0,0,0,0,3003,18,0,0,0,0,0,0,0,0,0,0,0,0,0,0,0,0,0,0,0,0,6853,0,0,0,0,0,0,0,0,0,0,2372,0,0,3099,0,0,11,2871,0,0,0,0,0,251,0,0,0,15,0,0,0,0,0,0,0,0,0,0,6,0,2,0,0,0,37,0,0,0,861,0,0,0,21050,0,0,0,0,0,0,0,42,1625,0,5670,0,0,0,0,0,90,0,0,0,0,0,0,2,0,0,0,0,0,0,0,0,0,0,3,0,0,0,0,0,0,0,0,0,0,0,0,0,0,0,0,0,0
MASK005.V1.MASK,0,0,22,0,0,0,0,0,23,0,0,0,0,0,0,0,13,0,0,0,0,0,0,239,0,0,0,0,0,0,0,0,0,0,0,0,0,0,0,0,0,0,0,0,0,151,0,0,0,0,0,21,0,514,0,0,684,0,0,1036,0,0,1569,152,0,0,0,0,0,181,0,29,0,10,4,0,0,36,0,0,0,0,0,0,486,0,0,0,0,0,0,19,0,0,158,0,0,0,2564,0,0,0,0,0,0,0,6,43,0,205,0,0,0,0,0,13,0,0,0,0,0,0,0,0,0,0,0,0,0,63,0,0,63,0,0,0,0,48,0,0,0,299,0,0,0,0,0,0,0,0,58,0
MASK005.V1.SKIN,0,0,0,0,0,0,0,0,0,0,2,0,0,0,0,0,0,0,0,0,0,0,0,0,0,0,0,0,0,0,0,0,0,0,0,0,0,0,0,0,0,0,0,0,0,0,0,0,0,0,0,0,0,0,0,0,0,0,0,1711,0,0,28309,0,0,0,0,0,0,11,0,0,0,0,0,0,0,0,0,0,0,0,0,0,447,0,0,0,0,0,0,0,0,0,0,0,0,0,13,0,0,0,0,0,0,0,0,0,0,0,0,0,0,0,0,0,0,0,0,0,0,0,0,0,0,0,0,0,0,0,0,0,0,0,0,0,0,0,0,0,0,0,0,0,0,0,0,0,0,0,0,0
MASK005.v1.throat,0,0,0,0,11,0,0,0,0,0,0,6,0,0,0,0,0,0,0,0,0,0,0,524,55,0,0,0,0,0,0,0,0,0,0,0,0,0,0,0,0,0,0,0,0,1284,0,0,0,0,0,0,0,0,0,0,1253,0,0,388,0,0,0,2967,0,0,0,6,0,22,4,0,0,3,29,0,0,0,0,0,0,0,0,0,13,0,3,0,0,0,101,0,0,0,296,0,0,0,11787,0,0,0,0,0,0,0,61,848,0,264,0,0,0,0,0,7,0,0,0,0,0,0,0,0,0,0,0,0,0,0,0,0,0,3,0,0,0,0,0,0,0,0,0,0,0,0,3,0,0,0,0,0
MASK005.V2.MASK,0,0,0,0,0,17,0,0,0,0,0,0,0,0,0,0,0,0,0,0,0,0,0,22,41,0,0,0,0,0,0,0,0,0,0,0,0,0,0,0,0,0,0,0,0,148,0,0,0,0,0,0,0,295,0,0,311,0,0,2166,0,0,18364,101,0,0,0,0,0,216,0,0,0,0,8,0,0,0,0,15,0,0,0,0,309,0,0,0,0,0,46,0,0,0,50,0,0,0,1389,0,0,0,0,34,0,0,35,495,0,181,0,0,0,0,0,52,0,0,0,0,0,0,0,0,0,0,0,0,0,68,0,0,89,0,0,0,0,0,0,0,0,173,33,0,0,0,0,0,0,0,0,0
MASK005.V2.SKIN,0,0,0,0,0,0,0,0,0,0,0,0,0,0,0,0,0,0,0,0,0,0,0,0,0,0,0,0,0,0,0,0,0,0,0,0,0,0,0,0,0,0,0,0,0,0,0,0,0,0,0,0,0,0,0,0,0,0,0,1108,0,0,26279,0,0,0,0,0,0,4,0,0,0,0,0,0,0,0,0,0,0,0,0,0,453,0,0,0,0,0,0,0,0,0,0,0,0,0,2,0,0,0,0,0,0,0,0,0,0,0,0,0,0,0,0,0,0,0,0,0,0,0,0,0,0,0,0,0,0,0,0,0,0,0,0,0,0,0,0,0,0,0,0,0,0,0,0,0,0,0,0,0
MASK005.V2.SKIN.B,0,0,0,0,0,0,0,0,0,0,0,0,0,0,0,0,0,0,0,0,0,0,0,0,0,0,0,0,0,0,0,0,0,0,0,0,0,0,0,3,0,0,0,0,0,0,12,0,0,0,0,0,0,0,0,0,9,0,0,642,0,0,35461,0,0,0,0,0,0,2,0,0,0,0,0,0,0,0,0,0,0,0,0,0,882,0,2,0,0,0,0,0,0,0,0,0,0,0,5,0,0,0,0,3,0,0,0,2,0,19,0,0,0,0,0,2,0,0,0,0,0,0,0,0,0,0,0,0,0,0,0,0,0,0,0,0,0,0,0,0,0,0,0,0,0,0,0,0,0,0,0,0
MASK005.v2.throat,0,0,0,0,5,0,0,0,0,0,0,8,0,0,0,0,0,0,0,0,0,0,0,72,115,0,0,0,0,0,0,0,0,0,0,0,0,0,0,21,0,0,0,0,0,2519,0,0,0,0,0,0,0,0,0,0,337,6,0,80,0,0,7,3625,0,0,0,11,0,131,31,0,4,14,71,0,7,2,0,0,0,0,0,0,2,0,2,0,0,0,368,0,0,0,413,0,0,0,12159,0,0,0,0,0,0,0,215,1633,0,58,0,0,0,0,0,2,0,0,13,0,0,0,0,0,0,0,0,0,0,0,0,0,0,42,0,0,0,0,0,0,0,0,0,0,0,0,2,0,0,0,0,0
MASK005.V3.MASK,0,0,0,0,0,0,0,0,0,0,0,0,0,0,0,0,0,0,0,0,0,0,0,83,8,0,0,0,0,0,0,0,0,0,0,0,0,0,0,0,0,0,0,0,0,248,3,0,0,0,0,0,0,6,0,0,265,0,0,3408,0,0,13846,223,0,0,0,0,0,306,0,0,0,2,4,0,15,0,0,0,0,0,0,0,1414,2,0,0,0,0,11,0,0,0,66,0,0,0,2316,0,0,0,0,4,0,0,9,456,0,600,0,0,0,0,0,86,0,0,0,0,0,0,0,0,0,0,0,0,13,27,0,0,0,3,0,0,0,4,0,0,0,2,13,0,0,0,12,0,0,0,4,0
MASK005.v3.throat,0,0,0,0,5,0,0,0,0,0,0,6,0,0,0,0,0,0,0,0,0,0,0,405,26,0,0,0,0,0,0,0,0,0,0,0,0,0,0,0,0,0,0,0,0,594,0,0,0,0,0,0,0,0,0,0,1163,0,0,871,0,0,4,1561,0,0,0,0,0,8,0,0,0,0,15,0,0,6,0,0,0,0,0,0,12,0,0,0,0,0,28,0,0,0,371,0,0,0,16047,0,0,0,0,0,0,0,36,656,0,894,0,0,0,0,0,85,0,0,0,0,0,0,0,0,0,0,0,0,0,0,0,0,0,12,0,0,0,0,0,0,0,0,0,0,0,0,6,0,0,0,0,0
MASK006.V1.MASK,0,7,5,0,0,0,12,0,0,0,0,0,0,0,0,0,0,0,140,0,0,0,0,234,14,7,3,0,27,0,0,10,0,0,0,18,17,5,0,9,0,0,0,0,0,423,14,0,0,0,0,0,0,102,0,0,572,0,17,6127,25,0,3132,89,0,0,0,0,0,96,0,18,0,37,8,0,0,0,6,0,0,11,10,0,1289,0,7,0,0,0,0,0,0,3,142,0,134,0,7959,9,8,0,0,33,5,8,9,189,0,514,0,0,0,3,0,33,5,0,0,4,0,0,15,7,0,25,0,0,39,1597,18,0,27,0,14,0,0,46,3,0,0,39,127,0,0,3,26,0,0,0,18,23
MASK006.V1.SKIN,0,0,0,0,0,0,0,0,0,0,0,0,0,0,0,0,0,0,0,0,0,0,0,0,0,0,0,0,0,0,0,0,0,0,0,0,0,0,0,0,0,0,0,0,0,17,3,0,0,0,0,0,0,0,0,0,67,0,0,7193,0,0,18534,13,0,0,0,0,0,105,0,0,0,0,2,0,0,3,0,0,0,0,0,0,1733,0,0,0,0,2,0,0,0,0,5,0,0,0,145,2,0,0,7,0,0,0,0,20,10,18,0,0,0,0,0,3,0,0,0,0,0,0,0,0,0,0,0,0,2,103,0,0,0,0,0,0,0,0,0,0,0,5,14,0,0,0,0,0,0,0,3,0
MASK006.v1.throat,0,0,0,0,0,0,0,0,0,0,0,5,0,0,0,0,0,0,0,0,0,0,0,214,112,0,0,0,0,0,0,0,0,0,0,0,0,0,0,0,0,0,0,0,0,4468,0,0,0,0,0,0,0,0,0,0,93,0,0,791,0,0,7,761,0,0,0,4,0,136,0,0,0,97,12,0,0,0,0,0,0,0,0,0,3,0,6,3,0,0,14,0,0,0,1492,0,0,0,9297,0,0,0,0,0,0,0,148,825,0,3190,0,0,23,0,0,31,0,0,0,0,0,0,125,89,0,0,0,0,0,0,0,0,0,6,0,0,0,0,0,0,0,0,0,0,0,0,22,0,0,0,0,0
MASK006.V2.MASK,0,0,0,0,0,0,0,0,0,0,0,0,0,0,11,0,0,0,3,0,0,0,0,13,0,0,0,0,0,0,0,0,0,0,0,3,74,0,5,0,7,0,0,0,0,27,7,0,0,0,0,9,0,35,0,0,106,0,0,3258,0,0,14827,6,0,0,0,0,0,23,0,5,0,2,0,15,0,2,57,0,0,0,12,0,1161,0,10,0,0,0,0,0,0,0,7,0,17,0,231,0,2,0,3,33,0,6,0,22,6,60,0,0,0,7,0,8,0,0,0,0,0,0,0,17,4,6,0,0,40,6486,12,0,19,0,0,0,0,5,0,0,0,20,23,0,0,0,0,0,0,0,27,0
MASK006.V2.SKIN,0,0,0,0,0,0,0,0,0,0,0,0,4,0,0,0,0,0,0,0,0,0,0,0,0,0,0,0,0,0,0,0,0,0,0,2,2,0,0,0,0,0,0,0,0,12,0,0,0,0,0,0,0,2,0,0,18,0,0,5023,0,0,21814,0,0,0,0,0,0,71,0,0,0,0,0,0,0,0,5,0,0,3,0,0,1288,0,0,0,0,0,0,0,0,0,8,0,2,0,43,0,0,0,2,33,0,0,0,9,0,13,0,0,0,2,0,0,0,0,0,0,0,0,0,0,0,2,0,0,8,1456,0,0,0,0,0,0,0,0,0,0,0,4,9,0,0,0,0,0,0,0,4,0
MASK006.v2.throat,0,0,0,0,0,0,0,0,0,0,0,3,0,0,0,0,0,0,0,0,0,0,0,2700,31,0,0,0,0,0,0,0,0,0,0,0,0,0,0,20,0,0,0,0,0,2385,0,0,0,0,0,0,0,0,0,0,56,0,0,10902,0,0,4,317,0,0,0,4,0,188,13,0,0,139,12,0,0,10,0,0,0,0,0,0,0,0,2,0,0,0,5,0,0,0,982,0,0,0,27190,0,0,0,0,0,0,0,61,234,0,668,0,0,11,0,0,37,0,0,0,0,0,0,69,48,0,0,0,0,0,0,0,0,0,26,0,0,0,0,0,0,0,0,0,0,0,0,10,0,0,0,0,0
MASK006.V3.MASK,0,0,0,0,0,0,0,0,0,0,0,0,0,0,0,0,0,0,0,0,0,0,0,13,0,0,0,0,0,0,0,0,0,0,0,0,2,0,0,0,0,0,0,0,0,47,2,0,0,0,0,0,0,16,0,0,42,0,0,7486,0,0,8616,24,0,0,0,0,0,141,0,9,0,5,0,0,0,2,4,0,0,0,0,0,1125,0,0,0,0,0,0,0,0,0,7,0,0,0,4447,0,0,0,0,0,0,0,0,17,17,46,0,0,0,0,0,2,0,0,0,0,0,0,0,20,0,0,0,0,0,114,0,0,0,0,0,0,0,0,0,0,0,0,9,0,0,0,0,0,0,0,4,0
MASK006.V3.SKIN,0,0,0,0,0,0,0,0,0,0,0,0,0,0,0,0,0,0,0,0,0,0,0,0,0,0,0,4,0,0,0,0,0,0,0,0,2,0,0,5,0,0,0,0,0,9,0,0,0,0,0,0,0,2,0,0,32,0,0,8173,0,0,19141,4,0,0,0,0,0,65,0,10,0,0,6,0,6,5,0,0,0,0,0,0,1283,0,0,0,0,0,0,0,0,0,3,0,0,0,259,0,0,0,0,2,0,0,0,3,0,10,0,0,0,0,0,0,0,0,0,0,0,0,0,2,0,0,0,0,3,58,0,0,0,0,0,0,0,0,0,0,0,0,19,0,0,0,0,0,0,0,0,0
MASK006.v3.throat,0,0,0,0,0,0,0,0,0,0,0,7,0,0,0,0,0,0,0,0,0,0,0,4714,129,0,0,0,0,0,0,0,0,0,0,0,0,0,0,0,0,0,0,0,0,6437,0,0,0,0,0,0,0,0,0,0,1358,0,0,11364,0,0,25,1061,0,0,0,2,0,190,0,0,0,295,62,0,0,10,0,0,0,0,0,5,26,0,3,0,0,0,84,0,0,0,1769,0,0,0,85035,0,0,0,0,0,0,0,363,924,0,13011,0,0,15,0,0,208,0,0,0,0,0,0,135,0,0,0,0,0,0,0,0,0,0,29,0,0,0,0,7,0,0,0,0,0,0,0,15,0,0,0,0,0
MASK007.V1.MASK,0,0,0,0,0,0,0,0,0,0,0,0,0,0,0,0,0,0,0,0,0,0,0,116,15,0,0,0,0,0,0,0,0,0,0,0,0,0,0,0,0,0,0,0,0,389,0,0,0,0,0,0,0,55,0,0,45,0,0,1861,0,0,25489,145,0,0,0,0,0,87,0,0,0,14,12,0,179,0,0,0,0,0,0,0,282,0,0,0,0,0,0,0,0,0,254,0,0,0,1104,0,0,0,0,0,0,0,42,117,0,141,0,0,0,0,0,3,0,0,0,0,0,0,2,0,0,0,0,0,0,16,0,0,13,20,0,0,0,0,0,0,0,15,13,0,0,0,0,0,0,0,0,0
MASK007.V1.SKIN,0,0,0,0,0,0,0,0,0,0,0,0,0,0,2,0,0,0,0,0,0,0,0,0,0,0,0,0,0,0,0,0,0,0,0,0,0,0,0,0,0,0,0,0,0,17,0,0,0,0,0,0,0,0,0,0,0,0,0,4799,0,0,23333,10,0,0,0,0,0,291,0,0,0,0,0,0,161,3,0,0,0,0,0,0,845,0,0,0,0,0,0,0,0,0,8,0,0,0,88,0,0,0,0,0,0,0,0,8,0,16,0,0,0,0,0,0,0,0,0,0,0,0,0,0,0,0,0,0,0,518,0,0,0,0,0,0,0,0,0,0,0,0,0,0,0,0,0,0,0,0,0,0
MASK007.v1.throat,0,0,0,0,0,0,0,0,0,0,0,23,0,0,0,0,12,0,0,0,0,0,0,573,237,0,0,0,0,0,0,0,0,0,0,0,0,0,0,40,0,0,0,0,0,13930,0,0,0,0,0,0,0,0,0,0,186,0,0,1176,0,0,5,7467,0,0,0,30,0,964,7,0,0,187,608,0,0,0,0,0,0,0,0,0,0,0,24,0,0,0,388,0,0,0,15838,0,0,0,13736,0,0,0,0,0,0,0,2553,13775,0,530,0,0,15,0,0,79,0,0,0,0,0,0,187,0,0,0,0,0,0,64,0,0,0,1301,0,0,0,0,0,0,0,0,0,0,0,0,321,0,0,0,0,0
MASK007.V2.SKIN,0,0,0,0,0,0,0,0,0,0,0,0,0,0,0,0,0,0,0,0,0,0,0,0,0,0,0,0,0,0,0,0,0,0,0,3,0,0,0,0,0,0,0,0,0,46,2,0,0,3,0,0,0,0,0,0,7,0,0,4786,0,0,24638,0,0,0,3,0,0,594,0,0,0,0,0,0,150,0,0,0,0,0,0,0,1055,0,0,0,0,0,0,0,0,0,3,0,0,0,128,0,0,0,0,3,0,0,0,34,0,240,0,0,0,0,0,4,0,0,0,0,0,0,0,0,0,0,0,0,0,45,0,0,0,0,0,0,0,0,0,0,0,5,0,0,0,0,0,0,0,0,0,0
MASK007.v2.throat,0,0,0,0,0,0,0,0,0,0,0,15,0,0,0,0,2,0,0,0,0,0,0,993,47,0,0,0,0,0,0,0,0,0,0,0,0,0,0,10,0,0,0,0,0,3097,0,0,0,0,0,0,0,0,0,0,18,0,0,668,0,0,0,1666,0,0,0,2,0,117,0,0,0,95,66,0,0,5,0,0,0,0,0,0,0,0,21,0,0,0,48,0,0,0,2154,0,0,0,6876,0,0,0,0,0,0,0,207,1637,0,95,0,0,0,0,0,21,0,0,0,0,0,0,32,0,0,0,0,0,0,19,0,0,0,53,0,0,0,0,0,0,0,0,0,0,0,0,70,0,0,0,0,0
MASK007.V3.MASK,0,0,0,0,0,0,0,0,0,0,0,3,0,0,0,0,0,0,0,0,0,0,0,88,0,0,0,0,0,0,0,0,0,0,0,0,0,0,0,0,0,0,0,0,0,162,0,0,0,0,0,0,0,0,0,0,20,0,0,2519,0,0,14556,44,0,0,0,0,0,175,0,0,0,0,0,3,94,6,20,0,0,0,0,0,1128,0,0,0,0,0,0,0,0,0,89,0,0,0,1052,0,0,0,0,37,0,0,0,70,0,246,0,0,0,0,0,18,0,0,0,0,0,0,0,0,0,0,0,0,2,18,0,0,2,0,0,0,0,0,0,0,0,0,0,0,0,0,0,0,0,0,14,0
MASK007.V3.SKIN,0,0,0,0,0,0,0,0,0,0,0,0,0,0,0,0,0,0,0,0,0,0,0,8,0,0,0,0,0,0,0,0,0,0,0,0,0,0,0,0,0,0,0,0,0,24,35,0,0,0,0,0,0,5,0,0,22,0,0,9392,0,0,19453,25,0,0,0,0,0,1126,0,0,2,0,0,0,365,0,0,0,0,2,0,0,802,0,0,0,0,0,0,0,0,0,30,0,0,0,102,0,0,0,25,3,0,0,0,12,0,39,0,0,0,0,0,10,0,0,0,0,0,0,0,0,0,0,2,0,4,31,0,0,0,0,0,0,0,0,0,0,0,4,2,0,0,0,0,0,0,0,476,0
MASK007.v3.throat,0,0,0,0,0,0,0,0,0,0,0,2,0,0,0,0,0,0,0,0,0,0,5,2035,15,0,0,0,0,0,0,0,0,0,0,0,0,0,0,0,0,0,0,0,0,990,0,0,0,0,0,0,0,0,0,0,47,0,0,3181,0,0,0,419,0,0,0,0,0,29,0,0,0,8,21,0,0,0,0,0,0,0,0,0,0,0,0,0,0,0,28,0,0,0,280,0,0,0,9493,0,0,0,0,0,0,0,21,756,0,43,0,0,0,0,0,24,0,0,0,0,0,0,19,0,0,0,0,0,0,0,0,0,0,6,0,0,0,0,0,0,0,0,0,0,0,0,11,0,0,0,0,0
MASK008.V1.MASK,0,0,0,0,0,0,0,0,0,0,0,0,0,0,0,0,0,0,0,0,0,0,0,0,0,0,0,0,0,0,0,0,0,0,0,0,0,0,0,0,0,0,0,0,0,0,0,0,0,0,0,0,0,270,0,0,6,0,0,0,0,0,161,0,0,0,0,0,0,0,0,0,0,0,0,0,0,0,0,0,0,0,0,0,0,0,0,0,0,0,0,0,0,0,0,0,0,0,0,0,0,0,0,0,0,0,0,0,0,67,0,0,0,0,0,0,0,0,0,0,0,0,0,0,0,0,0,0,0,0,0,0,109,0,0,0,0,0,0,0,0,195,0,0,0,0,0,0,0,0,0,0
MASK008.V1.SKIN,2,4,0,0,0,0,105,0,3,2,4,0,0,0,0,0,2,0,9,27,7,2,0,0,0,0,0,2,12,0,0,0,0,5,0,12,30,2,0,2,0,0,2,0,0,0,2,0,5,0,3,0,0,8,3,4,138,0,5,599,0,0,35308,0,0,0,0,0,0,46,0,27,0,19,0,2,0,19,6,0,18,12,2,8,194,0,30,0,3,3,0,0,0,3,2,5,26,3,41,2,5,5,24,14,0,24,0,14,17,134,3,0,0,23,0,9,0,0,3,0,0,0,0,20,0,0,0,14,46,608,12,0,0,0,20,4,3,6,0,17,0,47,213,0,2,5,0,2,4,2,13,0
MASK008.v1.throat,0,0,0,0,0,0,0,0,0,0,0,4,0,0,0,0,0,0,0,0,0,0,0,200,127,0,0,0,0,0,0,0,0,0,0,0,0,0,0,0,0,0,0,0,0,2881,0,0,0,0,0,0,0,0,0,0,832,0,0,352,0,0,7,2886,0,0,0,14,0,422,0,0,0,34,42,0,0,4,0,0,0,0,0,0,16,0,5,0,0,0,54,0,0,0,1478,0,0,0,8995,0,0,0,0,0,0,0,180,1032,0,1835,0,0,6,0,0,22,0,0,0,0,0,0,0,0,0,0,0,0,0,0,0,0,0,12,0,0,0,0,0,0,0,0,0,0,0,0,21,0,0,0,0,0
MASK008.V2.MASK,0,0,0,0,0,0,0,0,0,0,0,0,0,0,0,0,0,0,0,0,0,0,0,0,0,0,0,0,0,0,0,0,0,0,0,0,8,0,0,0,0,0,0,0,0,53,0,0,0,0,0,0,0,297,0,0,11,0,0,186,0,0,2322,0,0,0,0,0,0,34,0,0,0,0,0,0,0,0,0,0,0,0,0,0,13,0,0,0,0,0,0,0,0,0,0,0,0,0,0,0,0,0,0,0,0,0,0,0,0,87,0,0,0,0,0,0,0,0,0,0,0,0,0,0,0,0,0,0,0,43,0,0,103,0,0,0,0,0,0,0,0,237,13,0,0,0,0,0,0,0,0,0
MASK008.V2.SKIN,0,0,0,0,0,0,0,0,0,0,0,0,0,0,0,0,0,0,0,0,0,0,0,0,0,0,0,0,0,0,0,0,0,0,0,0,0,0,0,0,0,0,0,0,0,12,0,0,0,0,0,0,0,0,0,0,41,0,0,5686,0,0,22863,6,0,0,0,0,0,903,0,0,0,0,0,0,0,0,0,0,0,0,0,0,397,0,0,0,0,0,4,0,0,0,2,0,0,0,121,0,0,0,0,0,0,0,0,74,0,15,0,0,0,0,0,0,0,0,0,0,0,0,0,0,0,0,0,0,2,32,0,0,0,0,0,0,0,0,2,0,0,11,0,0,0,0,0,0,0,0,0,0
MASK008.V3.MASK,0,0,0,0,0,0,0,0,0,0,0,0,0,3,0,0,0,0,0,0,0,0,0,0,0,0,0,0,0,0,0,0,0,0,0,0,0,0,0,0,0,0,0,0,0,6,0,0,0,0,0,0,0,25,0,0,152,0,0,6216,0,0,19196,28,0,0,0,0,0,94,0,0,0,0,0,0,0,0,0,0,0,0,0,0,429,0,0,0,0,0,24,0,0,0,19,0,0,0,581,0,0,0,0,0,0,0,0,116,0,47,0,0,0,0,0,0,0,0,0,0,0,0,0,0,0,0,0,0,0,20,0,0,7,0,0,0,0,0,3,0,0,0,12,0,0,0,0,0,0,0,5,0
MASK008.V3.SKIN,0,0,0,0,0,0,0,0,0,0,0,0,0,0,0,0,0,0,0,0,0,0,0,13,3,0,0,0,0,0,0,0,0,0,0,0,0,0,0,0,0,0,0,0,0,42,5,0,0,0,0,0,0,86,0,0,59,0,0,9547,0,0,20797,47,0,0,0,0,0,517,0,0,0,0,0,0,0,0,0,0,0,0,0,0,1254,0,0,0,0,0,6,0,0,0,0,0,0,0,295,0,0,0,0,0,0,0,4,78,7,54,0,0,0,0,2,0,0,0,0,0,0,0,0,0,0,0,0,0,0,67,0,0,7,0,0,0,0,9,0,0,0,16,5,0,0,0,0,0,0,0,12,0
MASK008.v3.throat,0,0,0,0,0,0,0,0,0,0,0,20,0,0,0,0,8,0,0,0,0,0,6,240,272,0,0,0,0,0,0,0,0,0,0,0,0,0,0,0,0,0,0,0,0,15130,0,0,0,0,0,0,0,0,0,0,2045,0,0,973,0,0,12,9293,0,0,0,6,0,610,0,0,0,365,267,0,4,0,0,0,0,0,0,0,26,0,18,0,0,0,478,0,0,0,4951,0,0,0,35250,0,0,0,0,0,0,0,971,7849,0,2437,0,0,23,0,0,37,0,0,0,0,0,0,0,0,0,0,0,0,0,0,0,0,0,10,0,0,0,0,2,0,0,0,0,0,0,0,249,0,0,0,0,0
MASK009.V1.MASK,0,0,0,0,0,0,0,0,0,0,0,0,0,0,0,0,0,0,0,0,0,0,0,39,0,0,0,0,0,0,0,0,0,0,0,0,0,0,0,0,0,0,0,0,0,462,0,0,0,0,0,0,0,249,0,0,425,0,0,2444,0,0,12929,112,0,0,0,0,0,116,0,0,0,15,3,0,43,0,0,0,0,0,0,0,2329,0,0,0,0,0,0,0,0,0,128,0,0,0,2263,0,0,0,0,0,2,0,0,235,0,394,0,0,0,0,0,26,0,0,0,0,0,0,31,0,0,0,0,0,16,308,0,0,137,0,0,0,0,0,0,0,0,199,10,0,0,0,0,0,0,0,0,0
MASK009.V1.SKIN,0,0,0,0,0,0,0,0,0,0,0,0,0,0,0,0,0,0,0,0,0,0,0,0,0,0,0,0,0,0,0,0,0,0,0,0,0,0,0,0,0,0,0,0,0,16,0,0,0,0,0,0,0,0,0,0,14,0,0,3837,0,0,15415,10,0,0,0,0,0,126,0,0,0,0,0,0,0,0,0,0,0,0,0,0,4709,0,0,0,0,0,0,0,0,0,9,0,0,0,323,0,0,0,0,0,0,0,0,29,0,99,0,0,0,0,0,12,0,0,0,0,0,0,0,2,0,0,0,0,0,32,0,0,0,0,0,0,0,0,0,0,0,2,0,0,0,0,0,0,0,0,6,0
MASK009.v1.throat,0,0,0,0,0,0,0,0,0,0,0,9,0,0,0,0,2,0,0,0,0,0,0,56,61,0,0,0,0,0,0,0,0,0,0,0,0,0,0,0,0,0,0,0,0,4749,0,0,0,0,0,0,0,0,0,0,588,0,0,108,0,0,30,2312,0,0,0,0,0,71,2,0,0,104,108,0,0,6,0,0,0,0,0,0,13,0,14,0,0,0,158,0,0,0,1911,0,0,0,3908,0,0,0,0,0,0,0,395,2009,0,601,0,0,13,0,0,25,0,0,0,0,0,0,14,0,0,0,0,0,0,171,0,0,0,7,0,0,0,0,0,0,0,0,0,0,0,0,18,0,0,0,0,0
MASK009.V2.SKIN,0,0,0,0,0,0,0,0,0,0,0,0,0,0,0,0,0,0,0,0,0,0,0,0,0,0,0,0,0,0,0,0,0,0,0,0,0,0,0,0,0,0,0,0,0,0,0,0,0,0,0,0,0,0,0,0,17,0,0,5258,0,0,14972,22,0,0,0,0,0,183,0,0,0,0,0,0,0,0,2,0,0,0,0,0,5440,0,2,0,0,0,0,0,0,0,8,0,0,0,280,0,0,0,0,0,0,0,0,49,0,108,0,0,0,0,0,3,0,0,0,0,0,0,0,4,0,0,0,0,0,269,0,0,0,0,0,0,0,0,0,0,0,0,0,0,0,0,0,0,0,0,0,0
MASK009.v2.throat,0,0,0,0,0,0,0,0,0,0,0,14,0,0,0,0,0,0,0,0,0,0,0,173,3,0,0,0,0,0,0,0,0,0,0,0,0,0,0,0,0,0,0,0,0,2170,0,0,0,0,0,0,0,0,0,0,882,0,0,1072,0,0,7,2468,0,0,0,0,0,38,3,0,7,70,223,0,0,0,0,0,0,0,0,0,20,0,0,0,0,0,76,0,0,0,2111,0,0,0,11286,0,0,0,0,0,0,0,288,2940,0,484,0,0,4,0,0,281,0,0,0,0,0,0,0,0,0,0,0,0,0,18,0,0,0,41,0,0,0,0,0,0,0,0,0,0,0,0,13,0,0,0,0,0
MASK009.V3.MASK,0,0,0,0,0,0,0,0,0,0,0,0,0,0,0,0,0,0,0,0,0,0,0,66,8,0,0,0,0,0,0,0,0,0,0,0,3,0,0,0,0,0,0,0,0,820,4,0,0,0,0,0,0,16,0,0,694,0,0,907,0,0,8936,557,0,0,0,0,0,33,0,0,0,35,10,0,0,2,9,0,0,0,0,0,1094,0,3,0,0,0,21,0,0,0,271,0,6,0,6655,0,0,0,0,12,0,0,24,984,2,916,0,0,0,0,0,78,0,0,0,0,0,0,6,0,0,0,0,0,10,625,0,0,0,4,0,0,0,0,0,0,0,2,2,0,0,0,15,0,0,0,0,0
MASK009.V3.SKIN,0,0,0,0,0,0,0,0,0,0,0,0,0,0,0,0,0,0,0,0,0,0,0,0,2,0,0,0,0,0,0,0,0,0,0,0,0,0,0,0,0,0,0,0,0,13,0,0,0,0,0,0,0,0,0,0,21,0,0,1919,0,0,19601,30,0,0,0,0,0,149,0,0,0,6,0,0,0,0,0,0,0,0,0,0,3478,0,3,0,0,0,7,0,0,0,11,0,0,0,288,0,0,0,0,0,0,0,0,37,0,152,0,0,0,0,0,9,0,0,0,0,0,0,0,2,0,0,0,0,0,133,0,0,0,0,0,0,0,0,0,0,0,0,4,0,0,0,0,0,0,0,0,0
MASK009.v3.throat,0,0,0,0,0,0,0,0,0,0,0,13,0,0,0,0,5,0,0,0,0,0,0,166,36,0,0,0,0,0,0,0,0,0,0,0,0,0,0,49,0,0,0,0,0,4253,0,0,0,0,0,0,0,2,0,0,2930,0,0,617,0,0,69,3137,0,0,0,0,0,322,8,0,115,273,257,0,4,14,0,0,0,0,0,0,47,0,13,0,0,0,92,0,0,0,3815,0,0,0,15084,0,0,0,0,0,10,0,1184,2080,0,2539,0,0,61,0,0,103,0,0,0,0,0,0,34,0,0,0,0,0,0,11,0,0,0,528,0,0,0,0,2,0,0,0,0,0,0,0,33,0,0,0,0,0
MASK010.V1.MASK,0,0,0,0,0,0,0,0,0,0,0,0,0,0,0,0,0,0,0,0,0,0,0,171,0,0,0,0,0,0,0,0,0,0,0,0,0,0,0,0,0,0,0,0,0,49,0,0,0,0,0,0,0,24,0,0,223,0,0,4753,0,0,7709,77,0,0,0,0,0,258,0,0,0,21,0,0,64,0,0,0,0,0,0,0,4508,0,4,0,0,0,0,0,0,0,37,0,0,0,6477,0,0,0,0,0,0,0,10,141,0,145,0,0,0,0,0,226,0,0,0,0,0,0,5,0,0,0,0,0,0,4,0,0,2,0,0,0,0,0,0,0,0,8,5,0,0,0,0,0,0,0,0,0
MASK010.V1.SKIN,0,0,0,0,0,0,0,0,0,0,0,0,0,0,0,0,0,0,0,0,0,0,0,3,0,0,0,0,0,0,0,0,0,0,0,0,0,0,0,0,0,0,0,0,0,2,0,0,0,0,0,0,0,0,0,0,3,0,0,4664,0,0,19155,0,0,0,0,0,0,28,0,0,0,0,0,0,0,4,0,0,0,0,0,0,2498,0,0,0,0,0,0,0,0,0,0,0,0,0,475,0,0,0,0,0,0,0,0,0,0,0,0,0,0,0,0,0,0,0,0,0,0,0,0,0,0,0,0,0,0,19,0,0,0,0,0,0,0,0,0,0,0,0,0,0,0,0,0,0,0,0,0,0
MASK010.v1.throat,0,0,0,0,0,0,0,0,0,0,0,6,0,0,0,0,11,0,0,0,0,0,0,461,29,0,0,0,0,0,0,0,0,0,0,0,0,0,0,0,0,0,0,0,0,3534,0,0,0,0,0,0,0,0,0,0,146,0,0,549,0,0,0,4092,0,0,0,0,0,6,0,0,0,41,228,0,3,0,0,0,0,0,0,0,0,0,21,0,0,0,63,0,0,0,2636,0,0,0,32762,0,0,0,0,0,2,0,1007,1138,0,339,0,0,0,0,0,78,0,0,0,0,0,0,0,0,0,0,0,0,0,2,0,0,0,0,0,0,0,0,0,0,0,0,0,0,0,0,12,0,0,0,0,0
MASK010.V2.MASK,0,0,0,0,0,28,0,0,0,0,0,0,0,0,0,0,0,0,0,0,0,0,0,32,0,0,0,0,0,0,0,0,0,0,0,0,0,0,0,0,0,0,0,0,0,3,0,0,0,0,0,0,0,203,0,0,192,0,0,3352,0,0,12423,81,0,0,0,0,0,82,0,0,0,0,7,0,0,33,0,0,0,0,0,0,3268,0,0,0,0,0,0,0,0,0,20,0,0,0,2348,0,0,0,0,0,0,0,0,75,0,190,0,0,0,0,0,0,0,0,0,0,0,0,0,0,0,0,0,0,0,0,0,11,53,0,0,0,0,0,0,0,18,252,0,0,0,0,0,0,0,0,0,0
MASK010.V2.SKIN,0,0,0,0,0,0,0,0,0,0,0,0,0,0,0,0,0,0,0,0,0,0,0,0,0,0,0,0,0,0,0,0,0,0,0,0,0,0,0,0,0,0,0,0,0,0,0,0,0,0,0,0,0,0,0,0,3,0,0,4189,0,0,25876,0,0,0,0,0,0,0,0,0,0,0,0,0,0,0,0,0,0,0,0,0,3445,0,0,0,0,0,0,0,0,0,0,0,0,0,23,0,0,0,0,0,0,0,0,0,0,2,0,0,0,0,0,0,0,0,0,0,0,0,0,0,0,0,0,0,0,0,0,0,0,0,0,0,0,0,0,0,0,0,0,0,0,0,0,0,0,0,0,0
MASK010.v2.throat,0,0,0,0,0,0,0,0,0,0,0,3,0,0,0,0,0,0,0,0,0,0,0,505,40,0,0,0,0,0,0,0,0,0,0,0,0,0,0,0,0,0,0,0,0,3437,0,0,0,0,0,0,0,0,0,0,67,0,0,181,0,0,0,2578,0,0,0,0,0,13,0,0,0,71,202,0,0,0,0,0,0,0,0,0,0,0,0,0,0,0,66,0,0,0,1874,0,0,0,12911,0,0,0,0,0,3,0,900,605,0,561,0,0,0,0,0,56,0,0,0,0,0,0,8,0,0,0,0,0,0,3,0,0,0,10,0,0,0,0,0,0,0,0,0,0,0,0,0,0,0,0,0,0
MASK010.V3.MASK,0,0,0,0,0,0,0,0,0,0,0,3,0,0,0,0,0,0,0,0,0,0,0,93,0,0,0,0,0,0,0,0,0,0,0,0,0,0,0,0,0,0,0,0,0,139,0,0,0,0,0,0,0,0,0,0,7,0,0,8118,0,0,7204,87,0,0,0,0,0,211,0,0,0,4,3,0,0,0,0,0,0,0,0,0,2627,0,0,0,0,0,0,0,0,0,10,0,0,0,2179,0,0,0,0,0,0,0,3,16,0,108,0,0,0,0,0,11,0,0,0,0,0,0,0,0,0,0,0,0,0,0,0,0,0,0,0,0,0,0,0,0,0,0,0,0,0,0,0,0,0,0,0,0
MASK010.V3.SKIN,0,0,0,0,0,0,0,0,0,0,0,0,0,0,0,0,0,0,0,0,0,0,0,4,0,0,0,0,0,0,0,0,0,0,0,0,0,0,0,0,0,0,0,0,0,0,0,0,0,0,0,0,0,0,0,0,2,0,0,3760,0,0,18520,0,0,0,0,0,0,5,0,0,0,0,0,0,0,0,0,0,0,0,0,0,1942,0,0,0,0,0,0,0,0,0,0,0,0,0,24,0,0,0,0,0,0,0,0,0,0,4,0,0,0,0,0,0,0,0,0,0,0,0,0,0,0,0,0,0,10,8,0,0,0,0,0,0,0,0,0,0,0,0,7,0,0,0,0,0,0,0,0,0
MASK010.v3.throat,0,0,0,0,0,0,0,0,0,0,0,12,0,0,0,0,11,0,0,0,0,0,0,22,66,0,0,0,0,0,0,0,0,0,0,0,0,0,0,0,0,0,0,0,0,6638,0,0,0,0,0,0,0,0,0,0,22,0,0,134,0,0,0,8000,0,0,0,0,0,8,0,0,0,56,274,0,0,0,0,0,0,0,0,0,7,0,10,0,0,0,254,0,0,0,5057,0,0,0,48065,0,0,0,0,0,0,0,1829,1872,0,109,0,0,0,0,0,26,0,0,0,0,0,0,0,0,0,0,0,0,0,0,0,0,0,8,0,0,0,0,0,0,0,0,0,0,0,0,28,0,0,0,0,0
MASK011.V1.MASK,0,0,0,0,0,0,0,0,0,0,0,0,0,0,0,0,0,0,0,0,0,0,0,143,5,0,0,0,0,0,0,0,0,0,0,0,0,0,0,0,0,0,0,0,0,658,0,0,0,0,0,0,0,19,0,0,116,0,0,4308,0,0,19119,28,0,0,0,0,0,103,0,0,0,22,6,0,84,0,0,0,0,0,0,0,2227,0,0,0,0,0,2,0,0,0,169,0,0,0,1903,0,0,0,0,0,3,0,9,174,0,226,0,0,0,0,0,22,0,0,0,0,0,0,0,0,0,0,0,0,0,9,0,0,6,5,0,0,0,0,0,0,0,3,0,0,0,0,0,0,0,0,0,0
MASK011.V1.SKIN,0,0,0,0,0,0,0,0,0,0,0,0,0,0,0,0,0,0,0,0,0,0,0,17,0,0,0,0,0,0,0,0,0,0,0,4,5,0,0,2,0,0,0,0,0,136,0,0,0,0,0,0,0,3,0,0,91,0,0,9086,0,0,12462,28,0,0,0,0,0,200,0,0,0,11,4,0,90,3,7,0,0,3,0,0,4520,0,4,0,0,0,0,0,0,0,68,0,5,0,1115,0,0,3,0,6,0,0,2,46,16,77,0,0,0,5,0,8,0,0,0,0,0,0,0,2,0,0,0,0,13,131,0,0,0,0,0,0,0,0,0,0,0,8,10,0,0,0,0,0,0,0,5,2
MASK011.v1.throat,0,0,0,0,0,0,0,0,0,0,0,12,0,0,0,0,2,0,0,0,0,0,0,230,74,0,0,0,0,0,0,0,0,0,0,0,0,0,0,0,0,0,0,0,0,5668,0,0,0,0,0,0,0,0,0,0,288,0,0,273,0,0,0,2603,0,0,0,0,0,27,0,0,0,0,60,0,0,0,0,0,0,0,0,0,4,0,18,0,0,0,257,0,0,0,1993,0,0,0,2638,0,0,0,0,0,0,0,159,3067,0,229,0,0,0,0,0,7,0,0,0,0,0,0,0,0,0,0,0,0,0,0,0,0,0,0,0,0,0,0,0,0,0,0,0,0,0,0,2,0,0,0,0,0
MASK011.V2.MASK,0,0,0,0,0,0,0,0,0,0,0,0,0,0,0,0,0,0,0,0,0,0,0,0,0,0,0,0,0,0,0,0,0,0,0,0,0,0,0,0,0,0,0,0,0,0,0,0,0,0,0,0,0,228,0,0,0,0,0,55,0,0,729,0,0,0,0,0,0,0,0,0,0,0,0,0,0,0,0,0,0,0,0,0,50,0,0,0,0,0,0,0,0,0,54,0,0,0,0,0,0,0,0,0,0,0,0,0,0,202,0,0,0,0,0,0,22,0,14,0,0,0,0,0,0,0,0,0,0,0,0,0,84,0,0,0,0,0,0,0,0,118,0,0,0,0,0,0,0,0,0,0
MASK011.V2.SKIN,2,2,0,0,0,0,0,0,0,0,0,0,0,0,0,3,5,0,0,0,0,0,0,105,2,0,0,0,4,0,0,0,0,0,0,12,6,5,7,36,0,0,0,0,0,430,158,0,0,0,0,0,0,20,0,0,885,0,0,3125,0,0,23151,189,0,0,0,0,0,89,0,107,0,17,13,0,3,0,4,0,0,2,0,0,1726,0,0,0,0,0,8,0,0,0,236,0,7,0,886,0,0,0,0,0,3,5,9,114,2,328,0,0,0,2,0,32,0,0,0,0,0,2,0,0,0,0,0,0,13,152,9,0,0,6,0,0,0,0,0,0,0,2,128,0,0,0,0,0,0,0,68,5
MASK011.V2.SKIN.B,0,3,0,0,0,0,0,3,0,0,0,0,0,0,0,0,0,0,0,0,0,0,0,13,0,0,0,0,0,0,2,0,0,0,0,5,2,3,0,2,2,0,0,0,0,187,24,0,0,0,0,4,0,0,0,0,159,0,0,6090,0,0,21702,2,0,0,0,0,0,86,0,14,0,6,4,0,63,10,3,0,0,0,0,2,2533,0,0,0,0,0,4,0,0,0,38,0,3,0,1177,0,2,0,0,12,4,25,0,68,0,55,0,0,0,2,0,5,0,0,0,0,0,0,0,100,0,0,0,0,34,139,3,0,0,0,0,4,0,0,0,0,2,2,39,0,2,0,0,0,0,0,57,0
MASK011.v2.throat,0,0,0,0,0,0,0,0,0,0,0,7,0,0,0,0,0,0,0,0,0,0,0,1814,199,0,0,0,0,0,0,0,0,0,0,0,0,0,0,0,0,0,0,0,0,36166,0,0,0,0,0,0,0,0,0,0,949,0,0,2695,0,0,15,6070,0,0,0,0,0,454,2,0,0,22,251,0,0,0,0,0,0,0,0,0,34,0,13,3,0,0,264,0,0,0,5966,0,0,0,19891,0,0,0,0,0,0,0,302,9189,0,2305,0,0,0,0,0,63,0,0,0,0,0,0,0,0,0,0,0,0,0,0,0,0,0,19,0,0,0,0,0,0,0,0,0,0,0,0,210,0,0,0,0,0
MASK011.V3.MASK,0,0,0,0,0,0,0,0,0,0,0,0,0,0,0,0,0,0,0,0,0,0,0,64,0,0,0,0,0,0,0,0,0,0,0,3,5,0,0,11,0,0,0,0,0,177,0,0,0,0,0,0,0,0,0,0,154,0,0,2981,0,0,16175,94,0,0,0,0,0,339,0,10,0,2,3,0,38,0,0,0,0,0,5,0,2368,0,0,0,0,0,0,0,0,0,346,0,0,0,1389,0,0,0,0,0,2,0,3,98,25,508,0,0,0,0,0,48,0,0,0,0,0,0,0,0,0,0,0,0,26,2,0,0,0,0,0,0,0,0,0,0,0,0,14,0,0,0,0,0,0,0,4,0
MASK011.v3.throat,0,0,0,0,0,0,0,0,0,0,0,0,0,0,0,0,0,0,0,0,0,0,0,38,2,0,0,0,0,0,0,0,0,0,0,0,0,0,0,0,0,0,0,0,0,1250,0,0,0,0,0,0,0,0,0,0,247,0,0,789,0,0,10,1268,0,0,0,0,0,14,0,0,0,14,110,0,0,0,0,0,0,0,0,0,36,0,18,0,0,0,42,0,0,0,1447,0,0,0,14497,0,0,0,0,0,0,0,72,3261,0,829,0,0,0,0,0,84,0,0,0,0,0,0,0,0,0,0,0,0,0,525,0,0,0,19,0,0,0,0,0,0,0,0,0,0,0,0,24,0,0,0,0,0
MASK012.V1.MASK,0,0,0,0,0,0,0,0,0,0,0,0,0,0,0,0,0,0,0,0,0,0,0,604,22,0,0,0,0,0,0,0,0,0,0,0,0,0,0,0,0,0,0,0,0,383,0,0,0,0,0,0,0,80,0,0,1059,0,0,2139,0,0,11766,288,0,0,0,0,0,66,0,0,0,27,19,0,0,18,0,0,0,0,0,0,620,0,0,0,0,0,13,0,0,0,353,0,0,0,6898,0,0,0,0,0,4,0,50,547,0,505,0,0,0,0,0,72,0,0,0,0,0,0,7,0,0,0,0,0,3,77,0,7,64,0,0,0,0,6,0,0,0,64,2,0,0,0,2,0,0,0,0,0
MASK012.V1.SKIN,0,0,0,0,0,0,0,0,0,0,0,0,0,0,0,0,0,0,0,0,0,0,0,0,0,0,0,0,0,0,0,0,0,0,0,0,2,0,0,0,0,0,0,0,0,2,39,0,0,0,0,0,0,0,0,0,145,0,0,558,0,0,30251,6,0,0,0,0,0,0,0,0,0,0,0,0,0,0,0,0,0,0,0,0,169,0,0,0,0,0,0,0,0,0,15,0,0,0,64,0,0,0,0,0,0,17,0,5,0,105,0,0,0,0,0,0,0,0,0,0,0,0,0,0,0,0,0,0,16,11,0,0,0,0,0,0,0,0,0,0,0,2,0,0,0,0,0,0,0,0,15,0
MASK012.V2.SKIN,0,0,0,0,0,0,0,0,0,0,0,0,3,0,0,0,0,0,0,0,0,0,0,187,0,0,0,0,0,0,0,0,0,0,0,0,13,0,0,0,0,0,0,0,0,166,67,0,0,0,0,0,0,0,0,0,1125,0,0,568,0,0,25579,220,0,0,0,0,0,11,0,15,0,3,3,0,0,0,0,0,0,0,0,0,326,0,5,0,0,0,11,0,0,0,117,0,0,0,1397,0,0,0,0,0,0,2,28,158,2,1428,0,0,0,0,0,39,0,0,0,0,0,0,0,24,0,0,0,0,8,17,0,0,0,0,0,0,0,0,0,0,0,5,55,0,0,0,0,0,0,0,0,0
MASK012.v2.throat,0,0,0,0,0,0,0,0,0,0,0,3,0,0,0,0,0,0,0,0,0,0,0,213,8,0,0,0,0,0,0,0,0,0,0,0,0,0,0,0,0,0,0,0,0,2389,0,0,0,0,0,0,0,0,0,0,268,0,0,1161,0,0,0,1357,0,0,0,0,0,123,0,0,0,49,41,0,0,0,0,0,0,0,0,0,4,0,0,0,0,0,24,0,0,0,2350,0,0,0,7502,0,0,0,0,0,0,0,584,1748,0,872,0,0,0,0,0,34,0,0,0,0,0,0,24,0,0,0,0,0,0,3,0,0,0,0,0,0,0,0,0,0,0,0,0,0,0,0,26,0,0,0,0,0
MASK012.V3.MASK,0,0,0,0,0,0,0,0,0,0,0,0,0,0,0,0,0,0,0,0,0,0,0,240,0,0,0,0,0,0,0,0,0,0,0,0,0,0,4,0,0,0,0,0,0,212,0,0,0,0,0,0,0,0,0,0,682,0,0,7472,0,0,7624,3,0,0,0,0,0,17,0,0,0,3,0,0,3,12,0,0,0,0,0,0,476,0,0,0,0,0,5,0,0,0,87,0,0,0,4957,0,0,0,0,2,0,0,2,307,0,697,0,0,0,0,0,15,0,0,0,0,0,0,8,0,0,0,0,0,0,59,4,0,0,0,0,0,0,0,0,0,0,0,12,0,0,0,0,0,0,0,0,0
MASK012.V3.SKIN,0,0,0,0,0,0,0,0,0,0,0,0,0,0,0,0,0,0,0,0,0,0,0,28,0,0,0,0,0,0,0,0,0,0,0,0,0,0,0,0,0,0,0,0,0,0,10,0,0,0,0,0,0,0,0,0,260,0,0,1229,0,0,44137,2,0,0,0,0,0,4,0,10,0,0,0,0,0,37,0,0,0,0,0,0,306,0,0,0,0,3,0,0,0,0,0,0,0,0,531,0,0,0,11,0,0,0,0,5,0,25,0,0,0,0,0,14,0,0,0,0,0,0,0,4,0,0,0,2,64,33,0,0,0,0,0,0,0,0,0,0,0,2,3,0,0,0,0,0,0,0,24,0
MASK012.v3.throat,0,0,0,0,0,0,0,0,0,0,0,0,0,0,0,0,0,0,0,0,0,0,0,473,6,0,0,0,0,0,0,0,0,0,0,0,0,0,0,0,0,0,0,0,0,414,0,0,0,0,0,0,0,0,0,0,431,0,0,8269,0,0,5,151,0,0,0,0,0,8,0,0,0,29,11,0,0,0,0,0,0,0,0,0,0,0,2,0,0,0,0,0,0,0,431,0,0,0,12399,0,0,0,0,0,0,0,47,354,0,887,0,0,0,0,0,170,0,0,0,0,0,0,23,0,0,0,0,0,0,0,0,0,0,0,0,0,0,0,0,0,0,0,0,0,0,0,4,0,0,0,0,0
MASK012.v3.throat.B,0,0,0,0,0,0,0,0,0,0,0,12,0,0,0,0,0,0,0,0,0,0,11,2608,74,0,0,0,0,0,0,0,0,0,0,0,0,0,0,0,0,0,0,0,0,6845,0,0,0,0,0,0,0,0,0,0,9231,0,0,7912,0,0,9,2859,0,0,0,33,0,171,8,0,0,92,174,0,0,4,0,0,0,0,0,0,29,0,10,0,0,0,21,0,0,0,2705,0,0,0,37407,0,0,0,0,0,12,0,2291,4045,0,6701,0,0,4,0,0,130,0,0,0,0,0,0,41,0,0,0,0,0,0,0,0,0,0,31,0,0,0,0,0,0,0,0,0,0,0,0,17,0,0,0,0,0
MASK013.V1.MASK,0,0,0,0,0,0,0,0,0,0,0,0,0,0,0,0,0,0,0,0,0,0,0,0,0,0,0,0,0,0,0,0,0,0,0,0,0,0,0,0,0,0,0,0,0,0,0,0,0,0,0,0,0,300,0,0,0,0,0,0,0,0,84,0,0,0,0,0,0,0,0,0,0,0,0,0,0,0,0,0,0,0,0,0,0,0,0,0,0,0,0,0,0,0,0,0,0,0,35,0,0,0,0,0,0,8,0,0,0,65,0,0,0,0,0,0,0,0,0,0,0,0,0,0,0,0,0,0,0,0,0,0,92,0,0,0,0,0,0,0,0,187,0,0,0,0,0,0,0,0,0,0
MASK013.V1.SKIN,0,0,0,0,0,0,0,0,0,0,0,0,0,0,0,0,0,0,0,0,0,0,0,247,0,0,0,0,0,0,0,0,0,0,0,0,0,0,0,0,0,0,0,0,0,4,0,0,0,0,0,0,0,0,0,0,220,0,0,1511,0,0,28622,0,0,0,0,0,0,0,0,0,0,0,0,0,0,15,0,0,0,0,0,0,106,0,0,0,0,0,0,0,0,2,0,0,0,0,1322,0,0,0,0,0,0,0,0,19,0,912,0,0,0,0,0,0,0,0,0,0,0,0,0,2,0,0,0,0,0,34,0,0,0,0,0,0,0,0,0,0,0,0,5,0,0,0,0,0,0,0,0,0
MASK013.v1.throat,0,0,0,0,0,0,0,0,0,0,0,3,0,0,0,0,0,0,0,0,0,0,0,281,26,0,0,0,0,0,0,0,0,0,0,0,0,0,0,0,0,0,0,0,0,2055,0,0,0,0,0,0,0,0,0,0,689,0,0,1295,0,0,3,674,0,0,0,5,0,60,3,0,0,15,46,0,0,0,0,0,0,0,0,0,45,0,0,0,0,0,63,0,0,0,239,0,0,0,15883,0,0,0,0,0,0,0,95,295,0,780,0,0,0,0,0,24,0,0,0,0,0,0,0,0,0,0,0,0,0,0,0,0,0,11,0,0,0,0,0,0,0,0,0,0,0,0,3,0,0,0,0,0
MASK013.V2.MASK,0,0,0,0,0,0,0,0,0,0,0,0,0,0,0,0,0,0,0,0,0,0,0,0,0,0,0,0,0,0,0,0,0,0,20,0,0,0,0,0,0,0,0,0,0,0,0,0,0,0,0,0,0,571,0,0,52,0,0,33,0,0,1025,0,0,0,0,0,0,0,0,0,0,0,0,0,0,0,0,0,0,0,0,0,0,0,0,0,0,0,0,27,0,0,0,0,0,0,26,0,0,0,0,0,0,0,0,0,0,198,0,0,0,0,0,0,0,0,0,0,0,0,0,0,0,0,0,0,0,32,0,0,275,0,0,0,0,0,0,0,0,341,35,0,0,0,0,0,0,0,0,0
MASK013.V2.SKIN,0,0,0,0,0,0,2,0,0,0,0,0,0,0,0,0,0,0,2,0,0,0,0,10,0,0,0,0,0,0,0,0,0,0,0,0,0,2,0,2,0,0,0,0,0,25,11,0,0,0,0,0,0,3,0,0,42,0,0,1713,0,0,28662,18,0,0,0,0,0,2,0,0,0,7,0,0,0,8,0,0,0,0,0,3,509,0,6,0,0,0,0,0,0,0,5,0,0,0,256,0,0,0,0,0,7,5,0,20,6,1265,0,0,0,0,0,0,0,0,0,0,4,0,0,8,0,0,0,0,11,256,3,0,0,0,0,0,0,0,0,0,0,0,9,0,0,0,0,0,0,0,0,0
MASK013.v2.throat,0,0,0,0,0,0,0,0,0,0,0,12,0,0,0,0,0,0,0,0,0,0,0,188,34,0,0,0,0,0,0,0,0,0,0,0,0,0,0,0,0,0,0,0,0,2354,0,0,0,0,0,0,0,0,0,0,935,2,0,1601,0,0,5,1414,0,0,0,4,0,116,5,0,8,2,28,0,0,4,0,0,0,0,0,0,103,0,10,0,0,0,47,0,0,0,753,0,0,0,9257,0,0,0,0,0,0,0,448,1057,0,1564,0,0,0,0,0,7,0,0,0,0,0,0,0,0,0,0,0,0,0,0,0,0,0,0,0,0,0,0,0,0,0,0,0,0,0,0,16,0,0,0,0,0
MASK013.V3.MASK,0,0,0,0,0,0,0,0,0,0,0,0,0,0,0,0,0,0,2,0,0,0,0,46,9,0,0,0,0,0,0,0,0,0,0,3,0,0,0,0,0,0,0,0,0,278,0,0,0,0,0,0,0,0,0,0,345,0,0,2412,0,0,13469,93,0,0,0,0,0,2,0,0,0,5,2,0,0,0,2,0,0,0,0,0,412,0,0,0,0,0,7,0,0,0,73,0,0,0,1757,0,0,0,0,0,0,0,6,146,0,1216,0,0,0,0,0,3,0,0,0,0,0,0,0,0,0,0,0,0,3,51,0,0,0,0,0,0,0,0,0,0,0,0,0,0,0,0,0,0,0,0,0,0
MASK013.V3.SKIN,0,0,0,0,0,0,0,0,0,0,0,0,0,0,0,0,0,0,0,0,0,0,0,0,0,0,0,0,0,0,0,0,0,0,0,0,7,0,0,0,0,0,0,0,0,4,0,0,0,0,0,0,0,0,0,0,16,0,0,2980,0,0,29001,8,0,0,0,0,0,3,0,0,0,0,3,0,0,0,0,0,0,2,0,0,73,0,0,0,0,0,0,0,0,0,2,0,0,0,52,0,0,0,0,0,2,0,0,0,0,1341,0,0,0,0,0,0,0,0,0,0,0,0,0,4,0,0,0,0,0,17,0,0,0,0,0,0,0,0,0,0,0,0,2,0,0,0,0,0,0,0,0,0
MASK013.v3.throat,0,0,0,0,0,0,0,0,0,0,0,0,0,0,0,0,0,0,0,0,0,0,0,1115,20,0,0,0,0,0,0,0,0,0,0,0,0,0,0,0,0,0,0,0,0,1184,0,0,0,0,0,0,0,0,0,0,218,0,0,1387,0,0,0,262,0,0,0,0,0,40,0,0,0,18,11,0,0,0,0,0,0,0,0,0,0,0,7,0,0,0,28,0,0,0,189,0,0,0,16564,0,0,0,0,0,0,0,13,326,0,341,0,0,0,0,0,49,0,0,0,0,0,0,0,0,0,0,0,0,0,0,0,0,0,0,0,0,0,0,0,0,0,0,0,0,0,0,9,0,0,0,0,0
MASK014.V1.MASK,0,0,0,0,0,11,0,0,0,0,0,0,0,0,0,0,0,0,0,0,0,0,0,414,0,0,0,0,0,0,0,0,0,0,0,0,6,0,0,0,0,0,0,0,0,26,0,0,0,0,0,0,0,134,0,0,1464,0,0,2201,0,0,21131,76,0,0,0,0,0,270,0,0,0,19,0,0,230,0,0,0,0,0,0,0,524,0,0,0,0,0,0,0,0,0,81,0,0,0,1317,0,0,0,0,0,0,0,28,203,0,403,0,0,0,12,0,0,15,0,0,0,0,0,0,0,0,0,0,0,0,156,0,0,121,11,0,0,0,18,0,0,0,101,0,0,0,0,0,0,0,0,7,0
MASK014.V1.SKIN,0,0,0,0,0,0,0,0,0,0,0,0,0,0,0,0,0,0,0,0,0,0,0,23,3,0,0,0,0,0,0,0,0,0,0,0,0,0,0,0,0,0,0,0,0,4,0,0,0,0,0,0,0,0,0,0,0,0,0,1487,0,0,36213,19,0,0,0,0,0,21,0,0,0,0,0,0,77,0,0,0,0,0,0,0,441,0,0,0,0,0,0,0,0,0,4,0,0,0,193,0,0,0,0,0,0,0,0,8,0,71,0,0,0,0,0,0,0,0,0,0,0,0,0,0,0,0,0,0,0,0,0,0,0,0,0,0,0,0,0,0,0,0,0,0,0,0,0,0,0,0,0,0
MASK014.V1.SKIN.B,0,0,0,0,0,0,0,0,0,0,0,0,0,0,0,0,0,0,0,2,0,0,0,11,0,0,0,0,0,0,0,0,0,0,0,0,0,0,0,0,0,0,0,0,0,20,0,0,0,0,0,0,0,0,0,0,46,0,0,1085,0,0,48015,4,0,0,0,0,0,61,0,0,0,0,0,0,49,0,0,0,0,0,0,0,544,0,0,0,0,0,0,0,0,0,8,0,0,0,224,0,0,0,0,3,0,0,0,9,0,93,0,0,0,0,0,0,0,0,0,0,0,0,0,0,0,0,0,0,0,0,0,0,0,2,0,0,0,0,0,0,0,0,0,0,0,0,0,0,0,0,0,0
MASK014.v1.throat,0,0,0,0,0,0,0,0,0,0,0,4,0,0,0,0,4,0,0,0,0,0,0,966,37,0,0,0,0,0,0,0,0,0,0,0,0,0,0,12,0,0,0,0,0,2614,0,0,0,0,0,0,0,0,0,0,591,0,0,1362,0,0,0,1589,0,0,0,0,0,125,0,0,0,42,19,0,4,0,0,0,0,0,0,0,36,0,31,0,0,0,17,0,0,0,1306,0,0,0,6016,0,0,0,0,0,0,0,212,1501,0,2723,0,0,5,0,0,42,0,0,0,0,0,0,17,0,0,0,0,0,0,0,0,0,0,18,0,0,0,0,0,0,0,0,0,0,0,0,9,0,0,0,0,0
MASK014.v2.throat,0,0,0,0,0,0,0,0,0,0,0,0,0,0,0,0,0,0,0,0,0,0,0,2623,13,0,0,0,0,0,0,0,0,0,0,0,0,0,0,0,0,0,0,0,0,2285,0,0,0,0,0,0,0,0,0,0,339,0,0,1577,0,0,0,1040,0,0,0,0,0,65,0,0,0,18,49,0,5,0,0,0,0,0,0,0,0,0,0,0,0,0,0,0,0,0,425,0,0,0,11522,0,0,0,0,0,0,0,139,623,0,1132,0,0,0,0,0,53,0,0,0,0,0,0,0,0,0,0,0,0,0,0,0,0,0,2,0,0,0,0,0,0,0,0,0,0,0,0,0,0,0,0,0,0
MASK014.V3.MASK,0,0,0,0,0,0,0,0,0,0,0,7,0,0,0,0,0,0,0,0,0,0,0,548,0,0,0,0,0,0,0,0,0,0,0,0,0,0,0,0,0,0,0,0,0,144,0,0,0,0,0,0,0,4,0,0,987,0,0,2769,0,0,17099,193,0,0,0,0,0,10,0,0,0,11,0,0,186,0,18,0,0,0,0,0,371,0,0,0,0,0,6,0,0,0,126,0,0,0,3111,0,0,0,0,0,7,0,29,626,0,931,0,0,0,0,0,23,0,0,0,0,0,0,0,0,0,0,0,0,0,17,0,0,0,0,0,0,0,0,0,0,0,0,2,0,0,0,0,0,0,0,0,0
MASK014.V3.SKIN,0,0,0,0,0,0,0,0,0,0,0,0,0,0,0,0,0,0,0,0,0,0,0,18,0,0,0,0,0,0,0,0,0,0,0,0,0,0,23,0,0,0,0,0,0,27,2,0,0,0,0,0,0,3,0,0,22,0,0,1082,0,0,35105,28,0,0,0,0,0,19,0,0,0,0,2,0,58,2,0,0,0,0,0,0,337,0,0,0,0,0,3,0,0,0,2,0,0,0,631,0,0,0,0,0,0,2,0,43,0,189,0,0,0,0,0,5,0,0,0,0,0,0,0,0,0,0,0,0,4,418,0,0,0,0,0,0,0,0,0,0,0,0,0,0,0,0,0,0,0,0,0,0
MASK014.v3.throat,0,0,0,0,0,0,0,0,0,0,0,15,0,0,0,0,0,0,0,0,0,0,0,1590,50,0,0,0,0,0,0,0,0,0,0,0,0,0,0,34,0,0,0,0,0,4020,0,0,0,0,0,0,0,0,0,0,10199,0,0,1831,0,0,8,2974,0,0,0,4,0,599,0,0,0,245,1582,0,0,0,0,0,0,0,0,0,105,0,0,0,0,0,72,0,0,0,5013,0,0,0,16350,0,0,0,0,0,4,0,5018,3267,0,1251,0,0,53,0,0,1086,0,0,0,0,0,0,184,0,0,0,0,0,0,15,0,0,0,81,0,0,0,0,0,0,0,0,0,0,0,0,59,0,0,0,0,0
MASK015.V1.MASK,0,0,0,0,0,0,0,0,0,0,0,0,0,0,0,0,0,0,0,0,0,0,0,34,0,0,0,0,0,0,0,0,0,0,0,0,0,0,0,0,0,0,0,0,0,0,83,0,0,0,0,0,0,327,0,0,77,0,0,39,0,0,1920,0,0,0,0,0,0,0,0,39,0,0,0,0,0,0,0,0,0,0,0,0,35,0,0,0,0,0,0,0,0,0,0,0,0,0,251,0,0,0,0,0,0,0,0,4,0,221,0,0,0,0,0,0,0,0,0,0,0,0,0,0,0,0,0,0,32,0,0,68,249,0,0,0,0,21,0,0,0,389,92,0,0,24,0,0,0,0,0,0
MASK015.V1.SKIN,0,0,0,0,0,0,0,0,0,0,0,0,0,0,0,0,0,0,0,0,0,0,0,0,0,0,0,0,0,0,0,0,0,0,0,0,0,0,3,0,0,2,0,0,0,2,991,0,0,0,0,0,0,2,0,0,11,0,0,445,0,0,35008,0,0,0,0,0,0,0,0,0,0,0,0,0,0,0,4,0,0,0,0,0,128,0,0,0,0,0,0,0,0,0,3,0,0,0,4,0,0,0,0,7,0,0,0,0,0,44,0,0,0,0,0,0,0,0,0,0,0,0,0,0,0,0,0,0,4,27,0,0,0,0,0,0,0,0,0,0,0,0,0,0,0,0,0,0,0,0,3,0
MASK015.v1.throat,0,0,0,0,0,0,0,0,0,0,0,0,0,0,0,0,0,0,0,0,0,0,0,947,3,0,0,0,0,0,0,0,0,0,0,0,0,0,0,0,0,0,0,0,0,678,0,0,0,0,0,0,0,0,0,0,3183,0,0,1555,0,0,63,2521,0,0,0,0,0,29,0,0,0,46,318,0,0,0,0,0,0,0,0,0,11,0,0,0,0,0,11,0,0,0,309,0,0,0,9288,0,0,0,0,0,0,0,1276,909,0,1698,0,0,0,0,0,16,0,0,0,0,0,0,0,0,0,0,0,0,0,28,0,0,0,0,0,0,0,0,0,0,0,3,0,0,0,0,0,0,0,0,0,0
MASK015.V2.MASK,0,0,9,0,0,0,0,0,0,0,0,0,0,0,0,0,0,0,0,0,0,0,0,0,0,0,0,0,0,0,0,0,0,0,0,0,0,0,0,0,0,0,0,0,0,0,0,0,0,0,0,0,0,234,0,0,223,0,0,59,0,0,627,0,0,0,0,0,0,0,0,0,0,0,0,0,0,0,0,0,0,0,0,0,0,0,0,0,0,0,0,0,0,0,0,0,0,0,728,0,0,0,0,0,0,0,0,38,0,344,0,0,0,0,0,0,0,0,0,0,0,0,0,0,0,0,0,0,0,32,0,19,74,0,0,0,0,0,0,0,0,104,0,0,0,0,0,0,0,0,0,0
MASK015.V2.SKIN,0,0,0,0,0,0,0,0,0,0,0,0,0,0,0,0,0,0,0,0,0,0,0,0,0,0,0,0,0,0,0,0,0,0,0,0,2,0,0,0,0,0,0,0,0,7,412,0,0,0,0,0,0,5,0,0,20,0,0,356,0,0,32760,3,0,0,0,0,0,0,0,0,0,0,0,0,3,0,0,0,0,0,3,0,198,0,0,0,0,0,0,0,0,0,3,0,0,0,165,0,0,0,0,66,0,0,0,20,0,71,0,0,0,0,0,0,0,0,0,0,0,0,0,0,0,0,0,0,2,0,0,0,0,0,0,0,0,0,0,0,0,0,2,0,0,0,0,0,0,0,0,0
MASK015.v2.throat,0,0,0,0,0,0,0,0,0,0,0,6,0,0,0,0,0,0,0,0,0,0,0,2154,0,0,0,0,0,0,0,0,0,0,0,0,0,0,0,0,0,0,0,0,0,1057,0,0,0,0,0,0,0,0,0,0,12035,0,0,986,0,0,12,12621,0,0,0,0,0,22,0,0,0,115,287,0,0,6,0,0,0,0,0,0,6,0,5,0,0,0,56,0,0,0,360,0,0,0,25536,0,0,0,0,0,5,0,816,7906,0,1343,0,0,0,0,0,23,0,0,0,0,0,0,0,0,0,0,0,0,0,14,0,0,0,0,0,0,0,0,0,0,0,0,3,0,0,0,0,0,0,0,0,0
MASK015.V3.MASK,0,0,0,0,0,0,0,0,0,0,0,0,0,0,0,0,0,0,0,0,0,0,0,0,0,0,0,0,0,0,0,0,0,0,0,0,8,0,0,0,0,0,0,0,0,0,188,0,0,0,0,0,0,86,0,0,123,0,0,402,0,0,26198,11,0,0,0,0,0,12,0,0,0,0,0,0,0,0,0,0,0,0,0,0,257,0,0,0,4,0,0,0,0,0,0,0,0,3,174,0,0,0,0,0,0,0,5,18,3,39,0,0,0,0,0,0,0,0,0,0,0,0,0,3,0,0,0,0,0,8,0,0,13,0,0,0,0,12,0,0,0,55,0,0,0,0,0,0,0,0,0,0
MASK015.V3.SKIN,0,0,0,0,0,0,0,0,0,0,0,0,0,0,0,0,0,0,0,0,0,0,0,0,0,0,0,0,0,0,0,0,0,0,0,0,0,0,0,0,0,0,0,0,0,0,822,0,0,0,0,0,0,4,0,0,4,0,0,313,0,0,35907,0,0,0,0,0,0,3,0,0,0,0,0,0,0,0,6,0,0,0,0,0,72,0,0,0,0,0,0,0,0,0,0,0,0,0,9,0,0,0,0,6,0,0,0,0,0,37,0,0,0,0,0,0,0,0,0,0,0,0,0,0,0,0,0,0,0,0,0,0,0,0,0,0,0,0,0,0,0,0,0,0,0,0,0,0,0,0,0,0
MASK015.v3.throat,0,0,0,0,0,0,0,0,0,0,0,0,0,0,0,0,0,0,0,0,0,0,0,3582,7,0,0,0,0,0,0,0,0,0,0,0,0,0,0,0,0,0,0,0,0,248,0,0,0,0,0,0,0,0,0,0,3349,0,0,4564,0,0,8,1770,0,0,0,0,0,6,0,0,0,13,109,0,0,0,0,0,0,0,0,0,7,0,0,0,0,0,7,0,0,0,514,0,0,0,22285,0,0,0,0,0,11,0,477,721,0,1317,0,0,0,0,0,31,0,0,0,0,0,0,0,0,0,0,0,0,5,0,0,0,0,0,0,0,0,0,0,0,0,0,6,0,0,0,0,0,0,0,0,0
MASK016.V1.MASK,0,0,0,0,0,0,0,0,0,0,0,0,0,0,0,0,0,0,0,0,0,0,0,0,0,0,0,0,0,0,0,0,0,0,0,0,0,0,0,0,0,0,0,0,0,0,0,0,0,0,0,0,0,148,0,0,13,0,0,50,0,0,578,3,0,0,0,0,0,0,0,0,0,0,0,0,0,0,0,0,0,0,0,0,4,0,0,0,0,0,0,0,0,0,0,0,0,0,0,0,0,0,0,0,0,0,0,0,0,74,0,0,0,0,0,5,0,0,0,0,0,0,0,0,0,0,0,0,0,20,0,0,59,0,0,0,0,0,0,0,0,100,0,0,0,0,0,0,0,0,0,0
MASK016.V1.SKIN,0,0,0,0,0,0,0,0,0,0,0,0,0,0,0,0,0,0,0,0,0,0,0,3,0,0,0,0,0,0,0,0,0,0,0,0,0,0,0,0,0,0,0,0,0,0,0,0,0,0,0,0,0,0,0,0,155,0,0,1941,0,0,26679,0,0,0,0,0,0,25,0,0,0,0,0,0,0,0,0,0,0,0,0,0,526,0,0,0,0,0,0,0,0,0,5,0,0,0,57,0,0,0,0,0,0,3,0,0,0,719,0,0,0,0,0,0,0,0,0,0,0,0,0,0,0,0,0,0,0,21,0,0,0,0,0,0,0,0,0,0,0,0,0,0,0,0,0,0,0,0,0,0
MASK016.v1.throat,0,0,0,0,0,0,0,0,0,0,0,30,0,0,0,0,0,0,0,0,0,0,0,2414,52,0,0,0,0,0,0,0,0,0,0,0,0,0,0,0,0,0,0,0,0,4061,0,0,0,0,0,0,0,0,0,0,384,0,0,1290,0,0,0,6039,0,0,0,0,0,210,0,0,2,31,107,0,4,0,0,0,0,0,0,0,13,0,3,0,0,0,30,0,0,0,7853,0,0,0,21480,0,0,0,0,0,4,0,755,6242,0,17109,0,0,0,0,0,1433,0,0,0,0,0,0,7,0,0,0,0,0,0,0,0,0,0,0,0,0,0,0,0,0,0,0,0,0,0,0,53,0,0,0,0,0
MASK016.V2.SKIN,0,0,0,0,0,0,0,0,0,0,0,0,0,0,0,0,0,0,0,0,0,0,0,0,0,0,0,0,0,0,0,0,0,0,0,0,0,0,0,0,0,0,0,0,0,2,0,0,0,0,0,0,0,0,0,0,17,0,0,5807,0,0,17644,2,0,0,0,0,0,14,0,0,0,0,0,0,0,0,2,0,0,0,0,0,952,0,0,0,0,0,0,0,0,0,3,0,0,0,82,0,0,0,0,0,0,0,0,5,0,143,0,0,0,0,0,0,0,0,0,0,0,0,0,0,0,0,0,0,0,0,0,0,0,0,0,0,0,0,0,0,0,0,8,0,0,0,0,0,0,0,0,0
MASK016.v2.throat,0,0,0,0,0,0,0,0,0,0,0,0,0,0,0,0,0,0,0,0,0,0,7,808,0,0,0,0,0,0,0,0,0,0,0,0,0,0,0,0,0,0,0,0,0,672,0,0,0,0,0,0,0,0,0,0,72,0,0,660,0,0,13,777,0,0,0,4,0,28,0,0,0,29,29,0,0,0,0,0,0,0,0,0,149,3,2,0,0,0,4,0,0,0,634,0,0,0,13340,0,0,0,0,0,20,0,20,1219,0,670,0,0,0,0,0,33,0,0,0,0,0,0,0,0,0,0,0,0,0,0,0,0,0,0,0,0,0,0,0,0,0,0,0,0,0,0,0,0,0,0,0,0
MASK016.V3.MASK,0,0,0,0,0,0,0,0,0,0,0,0,0,0,0,0,0,0,0,0,0,0,0,38,13,0,0,0,0,0,0,0,0,0,0,0,0,0,0,5,0,0,0,0,0,47,171,0,0,0,0,0,0,16,0,0,419,0,0,1117,0,0,18841,40,0,0,0,0,0,35,4,5,0,10,0,0,6,0,0,0,0,9,0,0,808,0,0,0,0,0,7,0,0,0,37,0,0,0,1608,0,0,0,0,0,6,7,4,210,2,511,0,0,0,0,0,4,0,0,0,0,0,0,0,11,0,0,0,0,7,122,0,0,0,0,0,0,0,0,0,0,0,4,520,0,0,0,0,0,0,2,0,0
MASK016.V3.SKIN,0,0,0,0,0,0,0,0,0,0,0,0,0,0,0,0,0,0,0,0,0,0,0,0,0,0,0,0,0,0,0,0,0,0,0,0,0,0,0,0,0,0,0,0,0,2,0,0,0,0,0,0,0,0,0,0,57,0,0,2405,0,0,27030,0,0,0,0,0,0,63,0,0,0,0,0,0,29,0,2,0,0,0,0,0,353,0,0,0,0,0,0,0,0,0,0,0,0,0,12,0,0,0,0,0,0,0,0,0,0,859,0,0,0,0,0,0,0,0,0,0,0,0,0,0,0,0,0,0,0,0,0,0,0,0,0,0,0,0,0,0,0,0,0,0,0,0,0,0,0,0,0,0
MASK016.v3.throat,0,0,0,0,0,0,0,0,0,0,0,0,0,0,0,0,0,0,0,0,0,0,0,2623,3,0,0,0,0,0,0,0,0,0,0,0,0,0,0,23,0,0,0,0,0,427,0,0,0,0,0,0,0,0,0,0,329,0,0,205,0,0,48,1736,0,0,0,10,0,80,2,0,0,28,79,0,0,3,0,0,0,0,0,0,506,0,0,0,0,0,39,0,0,0,404,0,0,0,8081,0,0,0,0,0,110,0,35,2920,0,1004,0,0,0,0,0,31,0,0,0,0,0,0,0,0,0,0,0,0,0,0,0,0,0,48,0,0,0,0,0,0,0,0,0,0,0,0,0,0,0,0,0,0
MASK017.V1.MASK,0,0,0,0,0,0,0,0,0,0,0,0,0,0,0,0,0,0,0,0,0,0,0,33,0,0,0,0,0,0,0,0,0,0,0,0,0,0,0,0,0,0,0,0,0,34,0,0,0,0,0,0,0,21,0,0,37,0,0,4719,0,0,20770,10,0,0,0,0,0,1138,0,0,0,0,0,0,0,0,0,0,0,0,0,0,934,2,0,0,0,0,0,0,0,0,29,0,0,0,237,0,0,0,0,0,0,4,0,36,0,41,0,0,0,0,0,11,0,0,0,0,0,0,0,19,0,0,0,0,3,82,0,0,6,0,0,0,0,0,0,0,0,0,2,0,0,0,0,0,0,0,0,0
MASK017.V1.SKIN,0,0,0,0,0,0,0,0,0,0,0,0,0,0,0,0,0,0,0,0,0,0,0,0,0,0,0,0,0,0,0,0,0,0,0,0,0,0,0,0,0,0,0,0,0,7,0,0,0,0,0,0,0,0,0,0,12,0,0,9443,0,0,12769,0,0,0,0,0,0,3439,0,0,0,0,0,0,171,0,0,0,0,0,0,0,318,0,0,0,0,0,5,0,0,0,0,0,0,0,2,0,0,0,0,3,0,0,0,0,0,2,0,0,0,0,0,0,0,0,0,0,0,0,0,0,0,0,0,0,0,0,0,0,0,0,0,0,0,0,0,0,0,0,4,0,0,0,0,0,0,0,5,0
MASK017.v1.throat,0,0,0,0,0,0,0,0,0,0,0,2,0,0,0,0,0,0,0,0,0,0,0,67,0,0,0,0,0,0,0,0,0,0,0,0,0,0,0,0,0,0,0,0,0,18032,0,0,0,0,0,0,0,0,0,0,189,0,0,2118,0,0,0,3568,0,0,0,8,0,25,4,0,0,8,26,0,3,0,0,3,0,0,0,0,13,0,0,0,0,0,55,0,0,0,13060,0,0,0,20512,0,0,0,0,0,0,0,19,897,0,134,0,0,0,0,0,130,0,0,0,0,0,0,0,0,0,0,0,0,0,0,0,0,0,26,0,0,0,0,0,0,0,0,0,0,0,0,0,0,0,0,0,0
MASK017.V2.MASK,0,0,0,0,0,0,0,0,0,0,0,0,0,0,0,0,0,0,0,0,0,0,0,94,0,0,0,0,0,0,0,0,0,0,0,0,20,0,0,0,0,0,0,0,0,443,0,0,0,0,0,0,0,79,0,0,216,0,0,3630,0,0,14822,125,0,0,0,0,0,594,0,0,0,11,0,12,31,0,0,0,0,0,0,0,1650,0,0,0,0,0,7,0,0,0,140,0,0,0,1600,0,0,0,0,0,0,0,31,132,0,484,0,7,0,0,0,17,0,0,0,0,0,0,0,0,0,0,0,0,0,3,0,0,42,24,0,0,0,3,0,0,0,45,16,0,0,0,0,0,0,0,0,0
MASK017.V2.SKIN,0,0,0,0,0,0,0,0,0,0,0,0,0,0,0,0,0,0,0,0,0,0,0,0,0,0,0,0,0,0,0,0,0,0,0,0,0,0,0,0,0,0,0,0,0,6,0,0,0,0,0,0,0,0,0,0,0,0,0,10713,0,0,7172,0,0,0,0,0,0,9213,0,0,0,0,0,0,113,0,0,0,0,0,0,0,320,0,0,0,0,0,0,0,0,0,0,0,0,0,0,0,0,0,0,0,0,0,0,0,0,2,0,0,0,0,0,0,0,0,0,0,0,0,0,0,0,0,0,0,0,2,0,0,0,0,0,0,0,0,0,0,0,0,0,0,0,0,0,0,0,0,0,0
MASK017.v2.throat,0,0,0,0,0,0,0,0,0,0,0,3,0,0,0,0,0,0,0,0,0,0,32,46,31,0,0,0,0,0,0,0,0,0,0,0,0,0,0,0,0,0,0,0,0,7635,0,0,0,0,0,0,0,0,0,0,44,0,0,2121,0,0,0,2187,0,0,0,9,0,129,3,0,0,2,42,0,0,0,0,0,0,0,0,0,0,0,3,2,0,0,24,0,0,0,5702,0,0,0,4141,0,0,0,0,0,0,0,20,70,0,49,0,0,0,0,0,11,0,0,0,0,0,0,0,0,0,0,0,0,0,0,0,0,0,35,0,0,0,0,0,0,0,0,0,0,0,0,5,0,0,0,0,0
MASK017.V3.MASK,0,0,0,0,0,0,0,0,0,0,0,0,0,0,0,0,0,0,0,0,0,0,0,0,0,0,0,0,0,0,0,0,0,0,0,0,0,0,0,0,0,0,0,0,0,9,0,0,0,0,0,2,0,0,0,0,18,0,0,3736,0,0,11195,7,0,0,0,0,0,278,0,0,0,0,2,0,0,3,0,0,0,0,0,0,486,0,2,0,0,0,6,0,0,0,5,0,0,0,23,0,0,0,0,0,0,0,0,15,0,6,0,0,0,0,0,2,0,0,0,0,0,0,0,0,0,0,0,0,0,0,0,0,0,0,0,0,0,0,0,0,0,0,0,0,0,0,0,0,0,0,0,0
MASK017.V3.SKIN,0,0,0,0,0,0,0,0,0,0,0,0,0,0,0,0,0,0,0,0,0,0,0,0,0,0,0,0,0,0,0,0,0,0,0,0,0,0,0,0,0,0,0,0,0,0,0,0,0,0,0,0,0,2,0,0,7,0,0,3225,0,0,15617,0,0,0,0,0,0,6524,0,0,0,0,0,0,0,0,0,0,0,0,0,0,181,0,0,0,0,0,0,0,0,0,0,0,0,0,0,0,0,0,0,0,0,0,0,0,0,0,0,0,0,0,0,0,0,0,0,0,0,0,0,0,0,0,0,0,0,0,0,0,0,0,0,0,0,0,0,0,0,0,0,0,0,0,0,0,0,0,2,0
MASK017.v3.throat,0,0,0,0,0,0,0,0,0,0,0,3,0,0,0,0,0,0,0,0,0,0,0,12,58,0,0,0,0,0,0,0,0,0,0,0,0,0,0,0,0,0,0,0,0,1736,0,0,0,0,0,0,0,0,0,0,572,0,0,408,0,0,2,2922,0,0,0,11,0,70,13,0,0,8,64,0,0,3,0,0,0,0,0,0,6,0,0,0,0,0,160,0,0,0,1022,0,0,0,10865,0,0,0,0,0,0,0,183,1772,0,64,0,0,0,0,0,26,0,0,0,0,0,0,0,0,0,0,0,0,0,0,0,0,0,18,0,0,0,0,0,0,0,0,0,0,0,0,0,0,0,0,0,0
MASK018.V1.MASK,0,0,0,0,0,0,0,0,0,0,0,0,0,0,0,0,0,0,0,0,0,0,0,42,0,0,0,0,0,0,0,0,0,0,0,0,0,0,0,0,0,0,0,0,0,11,0,0,0,0,0,0,0,7,0,0,30,0,0,3160,0,0,23568,4,0,0,0,0,0,27,0,0,0,0,0,0,73,0,0,0,0,0,0,0,444,0,0,0,0,0,0,0,0,0,22,0,0,0,1136,0,0,0,0,0,0,0,0,2,0,26,0,0,0,0,0,0,0,0,0,0,0,0,0,0,0,0,0,0,0,21,0,0,3,0,0,0,0,0,0,0,0,0,0,0,0,0,0,0,0,0,0,0
MASK018.V1.SKIN,0,0,0,0,0,0,0,0,0,0,0,0,0,0,0,0,0,0,0,0,0,0,0,0,0,0,0,0,0,0,0,0,0,0,0,0,0,0,0,0,0,0,0,0,0,0,0,0,0,0,0,0,0,0,0,0,3,0,0,3951,0,0,19915,0,0,0,0,0,0,9,0,0,0,0,0,0,106,0,0,0,0,0,0,0,1547,0,0,0,0,0,0,0,0,0,0,0,0,0,0,0,0,0,0,0,0,0,0,0,12,0,0,0,0,0,0,0,0,0,0,0,0,0,0,0,0,0,0,0,0,0,0,0,0,0,0,0,0,0,0,0,0,0,0,0,0,0,0,0,0,0,0,0
MASK018.v1.throat,0,0,0,0,0,0,0,0,0,0,0,4,0,0,0,0,0,0,0,0,0,0,0,1141,57,0,0,0,0,0,0,0,0,0,0,0,0,0,0,0,0,0,0,0,0,4262,0,0,0,0,0,0,0,0,0,0,2636,0,0,3113,0,0,11,1031,0,0,0,0,0,163,0,0,0,2,11,0,0,0,0,3,0,0,0,0,9,0,14,0,0,0,90,0,0,0,302,0,0,0,32454,0,0,0,0,0,0,0,241,1598,0,21,0,0,0,0,0,10,0,0,0,0,0,0,0,0,0,0,0,0,0,0,0,0,0,0,0,0,0,0,0,0,0,0,0,0,0,0,8,0,0,0,0,0
MASK018.V2.SKIN,0,0,0,0,0,0,0,0,0,0,0,0,0,0,0,0,0,0,0,0,0,0,0,0,0,0,0,0,0,0,0,0,0,0,0,0,0,0,0,0,0,0,0,0,0,0,0,0,0,0,0,0,0,0,0,0,0,0,0,7515,0,0,25736,0,0,0,0,0,0,23,0,0,0,0,0,0,397,0,0,0,0,0,0,0,802,0,0,0,0,0,0,0,0,0,0,0,0,0,5,0,0,0,0,0,0,0,0,0,0,0,0,0,0,0,0,0,0,0,0,0,0,0,0,0,0,0,0,0,0,0,0,0,0,0,0,0,0,0,0,0,0,0,14,0,0,0,0,0,0,0,0,0
MASK018.v2.throat,0,0,0,0,0,0,0,0,0,0,0,3,0,0,0,0,0,0,0,0,0,0,31,1501,174,0,0,3,0,0,0,0,0,0,0,0,0,0,0,1016,0,0,0,0,0,6167,0,0,0,0,0,0,0,0,0,0,2156,0,0,1935,0,0,0,2755,62,0,0,67,0,501,175,0,51,117,120,0,2,0,0,10,0,0,0,0,4,0,4,8,0,0,240,0,0,0,2193,0,0,0,17162,0,0,0,0,0,0,0,873,20561,0,102,0,0,0,0,0,22,0,0,0,0,0,0,236,0,0,0,0,0,0,0,0,0,0,589,0,0,0,0,0,0,0,0,0,0,0,0,7,0,0,0,0,0
MASK018.V3.MASK,0,0,0,0,0,0,0,0,0,0,0,3,0,0,0,0,0,0,0,0,0,0,0,15,0,0,0,0,0,0,0,0,0,0,0,0,0,0,0,0,0,0,0,0,0,22,0,0,0,0,0,0,0,0,0,0,5,0,0,3634,0,0,25642,16,0,0,0,0,0,22,0,0,0,0,0,0,58,4,0,0,0,0,0,0,238,0,0,0,0,0,0,0,0,0,4,0,0,0,376,0,0,0,0,2,0,0,0,19,0,18,0,0,0,0,0,0,0,0,0,0,0,0,0,0,0,0,0,0,0,0,0,0,0,0,0,0,0,0,0,0,0,0,0,0,0,0,0,0,0,0,0,0
MASK018.V3.SKIN,0,0,0,0,0,0,0,0,0,0,0,0,0,0,0,0,0,0,0,0,0,0,0,0,0,0,0,0,0,0,0,0,0,0,0,0,0,0,0,0,0,0,0,0,0,0,0,0,0,0,0,0,0,5,0,0,3,0,0,6395,0,0,19157,0,0,0,0,0,0,121,0,0,0,0,0,0,214,0,0,0,0,0,0,0,1524,0,0,0,0,0,0,0,0,0,0,0,0,0,2,0,0,0,0,0,0,0,0,0,0,2,0,0,0,0,0,0,0,0,0,0,0,0,0,0,0,0,0,0,0,0,0,0,0,0,0,0,0,0,0,0,0,0,0,0,0,0,0,0,0,0,0,0
MASK018.v3.throat,0,0,0,0,0,0,0,0,0,0,0,8,0,0,0,0,0,0,0,0,0,0,14,3540,50,0,0,0,0,0,0,0,0,0,0,0,0,0,0,4,0,0,0,0,0,26625,0,0,0,0,0,0,0,0,0,0,9192,0,0,4690,0,0,8,3183,0,0,0,0,0,387,0,0,0,15,35,0,0,3,0,0,0,0,0,0,6,0,16,2,0,0,39,0,0,0,2362,0,0,0,59208,0,0,0,0,0,0,0,319,3207,0,1010,0,0,7,0,0,64,0,0,0,0,0,0,0,0,0,0,0,0,0,0,0,0,0,0,0,0,0,0,0,0,0,0,0,0,0,0,41,0,0,0,0,0
MASK019.V1.MASK,0,0,0,0,0,0,0,0,0,0,0,0,0,0,0,0,0,0,0,0,0,0,0,30,0,0,0,0,0,0,0,0,0,0,0,0,0,0,0,0,0,0,0,0,0,72,7,0,0,0,0,0,0,201,0,0,411,0,0,83,0,0,158,0,0,0,0,0,0,0,0,29,0,0,0,0,0,0,0,0,0,0,0,0,102,0,0,0,0,0,0,0,0,0,63,0,0,0,409,0,0,0,0,0,0,0,11,153,0,79,0,14,0,0,0,0,0,0,0,0,0,0,0,27,0,0,0,0,0,0,0,0,79,0,0,0,0,20,0,0,0,46,30,0,0,0,0,0,0,0,0,0
MASK019.V1.SKIN,0,0,0,0,0,0,0,0,0,0,0,0,0,0,6,0,0,0,0,0,0,0,0,0,0,0,0,0,0,0,0,0,0,0,0,0,0,0,0,4,0,0,0,0,0,10,3,0,0,0,0,4,0,0,0,0,314,0,0,3005,0,0,26300,8,0,0,0,0,0,1292,0,118,0,0,0,0,0,0,0,0,0,0,0,0,672,0,0,0,0,0,0,0,0,0,0,0,0,0,79,0,0,0,0,0,0,0,0,0,0,12,0,0,0,0,0,21,0,0,0,0,0,0,0,0,0,0,0,0,2,10,0,0,0,2,0,0,0,0,0,0,0,0,26,0,0,0,0,0,0,0,4,0
MASK019.v1.throat,0,0,0,0,0,0,0,0,0,0,0,23,0,0,0,0,0,0,0,0,0,0,0,171,19,0,0,0,0,0,0,0,0,0,0,0,0,0,0,0,0,0,0,0,0,3941,0,0,0,0,0,0,0,0,0,0,0,0,0,237,0,0,0,3548,0,0,0,0,0,27,0,0,0,8,2,0,0,0,0,0,0,0,0,0,0,0,0,0,0,0,14,0,0,0,1127,0,0,0,8362,0,0,0,0,0,0,0,448,4489,0,75,0,0,0,0,0,7,0,0,0,0,0,0,0,0,0,0,0,0,0,0,0,0,0,5,0,0,0,0,0,0,0,0,0,0,0,0,0,0,0,0,0,0
MASK019.V2.MASK,0,0,3,0,0,0,0,0,0,0,0,0,0,0,0,0,0,0,0,0,0,0,0,0,0,0,0,0,0,0,0,0,0,0,0,0,0,0,0,0,0,0,0,0,0,0,0,0,0,0,0,0,0,89,0,0,92,0,0,0,0,0,154,0,0,0,0,0,0,0,0,0,0,0,0,0,0,4,0,0,0,0,0,0,114,0,0,0,0,0,0,0,0,0,22,0,0,0,105,0,0,0,0,0,0,0,0,10,15,70,0,0,0,0,0,0,0,0,0,0,0,0,0,0,0,0,0,0,0,0,0,0,43,0,0,0,0,0,0,0,0,52,0,0,0,0,0,0,0,0,0,0
MASK019.V2.SKIN,0,0,0,0,0,0,0,0,0,0,0,0,0,0,6,0,0,0,0,0,0,0,0,7,2,0,0,0,0,0,0,0,0,0,0,0,0,0,0,0,0,0,0,0,0,20,0,0,0,0,0,0,0,4,0,0,15,0,0,5849,0,0,20108,6,0,0,0,0,0,2328,0,0,0,0,0,0,0,0,0,0,0,0,0,0,1050,0,0,0,0,0,0,0,0,0,0,0,0,0,74,0,0,0,0,0,0,0,0,0,0,2,0,0,0,0,0,2,0,0,0,0,0,0,0,0,0,0,0,0,0,5,0,0,0,0,0,0,0,0,0,0,0,0,0,0,0,0,0,0,0,0,0,0
MASK019.v2.throat,0,0,0,0,0,0,0,0,0,0,0,1,0,0,0,0,0,0,0,0,0,0,0,1471,20,0,0,0,0,0,0,0,0,0,0,0,0,0,0,0,0,3,0,0,0,5692,0,0,0,0,0,0,0,0,0,0,481,0,0,1966,0,0,0,15771,0,0,0,10,0,40,0,0,0,18,170,0,11,3,0,0,0,0,0,0,0,0,4,0,0,0,11,0,0,0,2163,0,0,0,67876,0,0,0,0,0,0,0,1008,10816,0,382,0,0,4,0,0,25,0,0,0,0,0,0,0,0,0,0,0,0,0,0,0,0,0,45,0,0,0,0,0,0,0,0,0,0,0,0,0,0,0,0,0,0
MASK019.V3.MASK,0,0,17,0,0,0,0,0,0,0,0,0,0,0,0,0,0,0,0,0,0,0,0,241,0,0,0,0,0,0,0,0,0,0,0,0,0,0,0,0,0,0,0,0,0,536,0,0,0,0,0,0,0,340,0,0,294,0,0,1364,0,0,1979,229,0,0,0,0,0,122,0,0,0,0,0,0,56,0,0,0,0,0,0,0,681,0,0,0,0,0,27,0,0,0,0,0,0,0,4921,0,0,0,0,0,0,0,0,208,0,163,0,0,0,0,0,0,22,0,0,0,0,0,0,9,0,0,0,0,3,0,0,0,149,0,0,0,0,13,0,0,0,103,29,0,0,0,0,0,0,0,0,0
MASK019.V3.SKIN,0,0,0,0,0,0,0,0,0,0,0,0,0,0,0,0,0,0,0,0,0,0,0,0,0,0,0,0,0,0,0,0,0,0,0,0,0,0,0,0,0,0,0,0,0,2,0,0,0,0,0,0,0,0,0,0,105,0,0,3230,0,0,24742,0,0,0,0,0,0,800,0,0,0,0,0,0,0,4,0,0,0,0,0,0,540,0,0,0,0,0,0,0,0,0,0,0,0,0,155,0,0,0,0,0,0,0,0,0,0,0,0,0,0,0,0,0,0,0,0,0,0,0,0,0,0,0,0,0,0,0,0,0,0,0,0,0,0,0,0,0,0,0,0,0,0,0,0,0,0,0,0,0
MASK019.v3.throat,0,0,0,0,0,0,0,0,0,0,0,0,0,0,0,0,2,0,0,0,0,0,0,130,22,0,0,0,0,0,0,0,0,0,0,0,0,0,0,0,0,0,0,0,0,4401,0,0,0,0,0,0,0,0,0,0,57,0,0,448,0,0,0,3412,0,0,0,2,0,42,0,0,0,38,42,0,0,0,0,0,0,0,0,0,0,0,11,0,0,0,38,0,0,0,4782,0,0,0,26847,0,0,0,0,0,0,0,568,6387,0,16,0,0,0,0,0,14,0,0,0,0,0,0,5,0,0,0,0,0,0,0,0,0,0,17,0,0,0,0,0,0,0,0,0,0,0,0,0,0,0,0,0,0
MASK020.V1.MASK,0,0,0,0,0,0,0,0,0,0,0,0,0,0,0,0,0,0,0,0,0,0,0,0,0,0,0,0,0,0,0,0,0,0,0,0,0,0,0,0,0,0,0,0,0,0,0,0,0,0,0,0,0,150,0,0,38,0,0,17,0,0,501,14,0,0,0,0,0,42,0,0,0,0,0,0,0,0,0,0,0,0,0,0,66,0,0,0,0,0,0,0,0,0,0,0,0,0,235,0,0,0,0,0,0,0,0,13,0,84,0,0,0,0,0,0,9,0,0,0,0,0,0,0,0,0,0,0,0,19,0,0,84,0,0,0,0,0,0,0,0,87,8,0,0,0,0,0,0,0,0,0
MASK020.V1.SKIN,0,0,0,0,0,0,0,0,0,0,0,0,0,0,0,0,0,0,0,0,0,0,0,4,10,0,0,0,0,0,0,0,21,0,0,0,0,0,0,0,0,0,0,3,0,19,0,0,0,0,0,0,0,0,0,0,28,0,0,7264,0,0,22803,15,0,0,0,0,0,295,0,0,6,0,2,0,145,0,2,0,0,0,0,0,1732,0,0,0,0,22,17,0,0,0,0,0,0,0,183,0,0,0,0,0,0,0,2,18,7,13,0,0,0,0,0,0,0,0,0,0,0,0,0,6,0,0,0,0,2,0,0,0,0,0,0,0,0,0,0,0,0,2,0,0,0,0,0,0,0,0,0,0
MASK020.v1.throat,0,0,0,0,0,0,0,0,0,0,0,18,0,0,0,0,0,0,0,0,0,0,0,634,0,0,0,0,0,0,0,0,0,0,0,0,0,0,0,0,0,0,0,0,0,1259,0,0,0,0,0,0,0,0,0,0,958,0,0,4394,0,0,11,1939,0,0,0,0,0,0,4,0,0,21,34,0,0,0,0,0,0,0,0,0,18,0,0,0,0,0,61,0,0,0,194,0,0,0,55299,0,0,0,0,0,0,0,190,997,0,2268,0,0,0,0,0,166,0,0,0,0,0,0,0,0,0,0,0,0,0,0,0,0,0,0,0,0,0,0,0,0,0,0,0,0,0,0,8,0,0,0,0,0
MASK020.V2.SKIN,0,0,0,0,0,0,0,0,0,0,0,0,0,0,0,0,0,0,0,0,0,0,0,0,0,0,0,0,0,0,0,0,0,0,0,0,0,0,0,0,0,0,0,0,0,0,0,0,0,0,0,0,0,0,0,0,25,0,0,9133,0,0,16548,2,0,0,0,0,0,500,0,0,0,0,0,0,168,2,0,0,0,0,0,0,1720,0,3,0,0,0,0,0,0,0,0,0,0,0,60,0,0,0,4,0,0,0,0,48,0,4,0,0,0,0,0,0,0,0,0,0,0,0,0,0,0,0,0,0,0,0,0,0,0,0,0,0,0,0,0,0,0,0,0,0,0,0,0,0,0,0,27,0
MASK020.v2.throat,0,0,0,0,0,0,0,0,0,0,0,14,0,0,0,0,2,0,0,0,0,0,0,1337,22,0,0,0,0,0,0,0,0,0,0,0,0,0,0,0,0,0,0,0,0,674,0,0,0,0,0,0,0,0,0,0,4772,0,0,2290,0,0,42,3818,0,0,0,0,0,8,0,15,0,29,92,0,5,0,0,0,0,0,0,0,110,0,4,0,0,0,46,0,0,0,377,0,0,0,27444,0,0,0,0,0,0,3,655,1293,0,5577,0,0,0,0,0,88,0,0,0,0,0,0,0,0,0,0,0,0,2,0,3,0,0,0,0,0,0,0,0,0,0,0,6,0,0,0,5,0,0,0,10,0
MASK020.V3.MASK,0,3,0,0,0,0,0,0,0,0,0,0,0,0,0,0,0,0,0,9,0,0,0,22,10,2,0,0,0,0,0,0,0,0,0,19,3,5,0,0,0,0,0,0,0,145,34,6,0,0,0,0,0,19,0,0,852,0,0,1846,0,0,9550,79,0,0,0,0,3,146,0,11,0,4,0,0,154,7,0,0,0,0,15,0,1653,0,5,0,0,0,17,0,0,0,17,0,0,0,5264,0,5,0,0,18,0,13,16,572,0,517,0,0,0,0,0,5,0,0,0,0,0,0,0,0,0,0,0,0,16,4,4,0,0,0,0,0,0,0,0,0,0,7,18,0,0,0,3,0,0,0,29,0
MASK020.V3.SKIN,0,0,0,0,0,0,0,0,0,0,0,0,0,0,0,0,0,0,0,0,0,0,0,0,0,0,0,0,0,0,0,0,0,0,0,0,0,0,0,0,0,0,0,0,0,5,0,0,0,0,0,0,0,0,0,0,11,0,0,3815,0,0,17475,0,0,0,0,0,0,519,0,0,0,0,0,0,75,7,0,0,0,0,0,0,651,0,0,0,0,0,0,0,0,0,0,0,0,0,6,0,0,0,0,2,0,2,0,48,3,0,0,0,0,0,0,0,0,0,0,0,0,0,0,0,0,0,0,0,3,0,0,0,0,0,0,0,0,0,0,0,0,0,0,0,0,0,0,0,0,0,28,0
MASK020.v3.throat,0,0,0,0,0,0,0,0,0,0,0,11,0,0,0,0,0,0,0,0,0,0,0,1100,25,0,0,0,0,0,0,0,0,0,0,0,0,0,0,0,0,0,0,0,0,3359,0,0,0,0,0,0,0,0,0,0,1257,0,0,848,0,0,2,3775,0,0,0,0,0,9,0,0,0,19,24,0,7,0,0,0,0,0,0,0,18,0,15,0,0,0,151,0,0,0,350,0,0,0,17686,0,0,0,0,0,0,0,375,3763,0,211,0,0,0,0,0,32,0,0,0,0,0,0,0,0,0,0,0,0,0,0,0,0,0,0,0,0,0,0,0,0,0,0,0,0,0,0,25,0,0,0,0,0
MASKBLANK1,0,0,0,0,0,0,0,0,0,0,0,0,0,0,0,0,0,0,0,0,0,0,0,0,0,0,0,0,0,0,0,0,0,0,0,0,8,0,0,0,0,0,0,0,0,0,0,0,0,0,0,0,0,104,0,0,0,0,0,0,0,0,0,0,0,0,0,0,0,0,0,0,0,0,0,0,0,0,0,0,0,0,0,0,0,0,0,0,0,0,0,0,0,0,0,0,0,0,0,0,0,0,0,0,0,0,0,0,0,39,0,0,0,0,0,0,0,0,0,0,0,0,0,7,0,0,0,0,0,0,0,0,53,0,0,0,0,0,0,0,0,53,0,0,0,0,0,0,0,0,0,0
MASKBLANK2,0,0,0,0,0,3,0,0,0,0,0,0,0,0,0,0,0,0,0,0,0,0,0,0,0,0,0,0,0,0,0,0,0,0,0,0,0,0,0,0,0,0,0,0,0,0,0,0,0,0,0,0,0,169,0,0,0,0,0,0,0,0,0,0,0,0,0,0,0,0,0,0,0,0,0,0,0,0,0,0,0,0,0,0,0,0,0,0,0,0,0,0,0,0,0,0,0,0,0,0,0,0,0,0,0,0,0,0,0,85,0,0,0,0,0,0,0,0,0,0,0,0,0,0,0,0,0,0,0,19,0,0,119,0,0,0,0,0,0,0,0,94,0,0,0,0,0,0,0,0,0,0
MASKBLANK3,0,0,0,0,0,0,0,0,0,0,0,0,0,0,0,0,0,0,0,0,0,0,0,0,0,0,0,0,0,0,0,0,0,0,0,0,0,0,0,0,0,0,0,0,0,0,0,0,0,0,0,0,0,196,0,0,0,0,0,0,0,0,3,0,0,0,0,0,0,0,0,0,0,0,0,0,0,0,0,0,0,0,0,0,0,0,0,0,0,0,0,0,0,0,0,0,0,0,0,0,0,0,0,0,0,0,0,0,0,209,0,0,0,0,0,0,5,0,0,0,0,0,0,0,0,0,0,0,0,2,0,0,57,0,0,0,0,0,0,0,0,222,40,0,0,0,0,0,0,0,0,0
mockdna.1,0,0,30,0,0,0,0,0,0,0,0,0,0,0,0,0,0,0,0,0,0,0,0,0,0,0,0,0,0,0,0,0,0,0,45,0,0,0,0,0,0,0,0,0,0,0,0,0,0,0,0,0,0,0,0,0,0,0,0,0,0,6,0,0,0,0,0,0,0,0,0,0,0,0,0,0,0,0,0,0,0,0,0,0,0,0,0,0,0,0,0,0,0,0,0,0,0,0,0,0,0,0,0,0,0,0,0,0,0,0,0,55,0,0,0,0,58,0,0,0,0,0,0,0,0,0,0,0,0,0,0,49,0,0,0,0,0,0,0,0,0,0,0,0,0,0,0,0,0,0,0,0
mockdna.2,0,0,406,0,0,0,0,0,0,0,0,0,0,0,0,0,0,0,0,0,0,0,0,0,0,0,0,0,0,0,0,0,0,0,846,0,0,0,0,0,0,0,0,0,0,0,0,0,0,0,0,0,0,0,0,0,0,0,0,0,0,143,0,0,0,0,0,0,0,0,0,0,0,0,0,0,0,0,0,0,0,0,0,0,0,0,0,0,0,0,0,0,0,0,0,0,0,0,0,0,0,0,0,0,0,0,0,0,0,0,0,852,0,0,0,0,966,0,0,0,0,0,0,0,0,0,0,0,0,0,0,835,0,0,0,0,0,0,0,0,0,0,0,0,0,0,0,0,0,0,0,0
mockdna.3,0,0,323,0,0,0,0,0,0,0,0,0,0,0,0,0,0,0,0,0,0,0,0,0,0,0,0,0,0,0,0,0,0,0,692,0,0,0,0,0,0,0,0,0,0,0,0,0,0,0,0,0,0,0,0,0,0,0,0,0,0,82,0,0,0,0,0,0,0,0,0,0,0,0,0,0,0,0,0,0,0,0,0,0,0,0,0,0,0,0,0,0,0,0,0,0,0,0,0,0,0,0,0,0,0,0,0,0,0,0,0,723,0,0,0,0,782,0,0,0,0,0,0,0,0,0,0,0,0,0,0,652,0,0,0,0,0,0,0,0,0,0,0,0,0,0,0,0,0,0,0,0
POS.MASK,0,0,0,0,0,0,0,0,0,0,0,0,0,0,0,0,0,0,0,0,0,0,0,1455,4,0,0,0,0,0,0,0,0,0,0,0,0,0,0,0,0,0,0,0,0,1081,0,0,0,0,0,0,0,30,0,0,1474,0,0,991,0,0,5941,966,0,0,0,0,0,15,0,0,0,4,10,0,0,0,0,0,0,0,0,0,336,0,0,0,0,0,20,0,0,0,211,0,0,0,7759,0,0,0,0,0,3,0,82,415,5,1575,0,0,0,0,0,13,0,0,0,0,0,0,0,0,0,0,0,0,4,30,0,0,3,0,0,0,0,0,0,0,0,10,6,0,0,0,4,0,0,0,0,0
SBLANK001.throat,0,0,0,0,0,0,0,0,0,0,0,0,0,0,0,0,0,0,0,0,0,0,0,0,0,41,0,0,0,0,0,0,0,0,0,0,0,0,0,0,0,0,0,0,0,0,0,0,0,0,0,0,0,333,0,0,235,0,0,0,0,0,425,0,0,0,0,0,0,0,0,110,0,43,0,0,0,0,0,0,0,57,0,0,0,0,0,0,0,0,0,0,0,0,0,0,0,0,34,0,0,0,0,145,0,0,0,0,0,954,0,0,0,0,0,0,0,22,0,0,0,0,0,0,0,0,0,0,156,0,0,0,178,0,0,0,0,0,0,0,0,245,188,0,0,0,0,0,0,0,0,0
SBLANK002.throat,0,0,0,0,0,16,0,0,0,0,0,0,0,0,0,0,0,0,0,0,0,0,0,0,0,0,0,0,0,0,0,0,0,0,0,0,0,0,0,0,0,0,0,0,2,0,41,0,0,0,0,0,0,446,0,0,88,0,0,0,0,0,51,0,0,0,0,0,0,0,0,0,0,0,0,0,0,0,0,0,0,0,0,0,0,0,0,0,0,0,0,0,20,0,0,0,0,0,34,0,0,0,0,31,0,0,0,0,0,261,0,0,0,0,0,0,0,0,0,0,0,0,0,0,0,0,0,0,19,0,0,0,224,0,0,0,0,0,0,0,0,456,58,0,0,0,0,0,0,0,0,0
SBLANK003.throat,0,0,0,0,0,0,0,0,0,0,0,0,0,0,0,0,0,0,0,0,0,0,0,12,0,0,0,0,0,0,0,0,0,0,0,0,0,0,0,0,0,0,0,0,0,34,0,0,0,0,0,0,0,962,0,0,41,0,0,0,0,0,0,0,0,0,0,0,0,0,0,47,0,0,0,0,0,0,0,0,0,0,0,0,29,0,0,0,0,0,0,0,0,0,21,0,0,0,284,0,0,0,0,0,0,0,0,132,0,321,0,0,0,0,0,50,0,0,0,0,0,0,0,0,0,0,0,0,32,0,0,0,233,0,0,0,0,54,0,0,0,438,54,0,0,0,0,0,0,0,0,0
SKINBLANK.001,0,0,0,0,0,0,0,0,0,0,0,0,0,0,0,0,0,0,0,0,0,0,0,0,0,0,0,0,0,0,0,0,0,0,0,0,0,33,0,0,0,0,0,0,0,0,0,0,0,0,0,0,4,241,0,0,0,0,0,0,0,0,93,0,0,0,0,0,0,9,0,0,0,0,0,0,0,8,0,0,0,0,0,0,0,0,0,0,0,0,0,0,0,0,0,0,0,0,0,0,0,0,0,0,0,50,0,0,0,197,0,0,0,0,0,0,0,0,7,0,0,0,0,0,0,0,0,0,0,0,0,0,82,0,0,0,0,19,0,0,0,202,41,0,0,0,0,0,0,0,0,0
SKINBLANK.002,0,0,0,0,0,0,0,0,0,0,0,0,0,0,0,0,0,0,0,0,0,0,0,0,0,0,0,0,0,0,0,0,0,0,0,0,0,0,0,0,0,0,0,0,0,0,0,0,0,0,0,0,0,0,0,0,0,0,0,6585,0,0,21436,0,0,0,0,0,0,632,0,0,0,0,0,0,0,3,0,0,0,0,0,0,1507,0,0,0,0,0,0,0,0,0,0,0,0,0,5,0,0,0,0,0,0,0,0,0,0,0,0,0,0,0,0,0,0,0,0,0,0,0,0,0,0,0,0,0,0,0,0,0,3,0,0,0,0,0,0,0,0,0,0,0,0,0,0,0,0,0,0,0
SKINBLANK.003,0,0,0,0,0,0,0,0,0,0,64,0,0,0,0,0,0,0,0,0,0,0,0,0,0,0,0,0,0,0,0,0,0,0,0,0,39,0,0,0,0,0,0,0,0,0,3,0,0,0,0,0,0,485,0,0,67,0,0,0,0,0,64,0,0,0,0,0,0,0,0,0,0,0,0,0,0,0,0,0,0,146,0,0,0,0,0,0,0,0,0,0,0,16,0,0,17,0,12,0,0,0,0,0,0,0,0,0,0,133,0,0,0,0,0,0,0,0,0,0,0,0,0,0,0,34,0,0,59,78,0,0,48,0,0,0,0,9,0,0,0,208,18,0,0,0,0,0,0,0,86,0
SKINBLANK004,0,0,0,0,0,0,0,0,0,0,0,0,0,0,0,0,0,0,0,0,0,0,0,0,0,0,0,0,0,0,0,0,0,0,0,0,0,0,0,0,0,0,0,0,0,0,0,0,0,0,0,0,0,617,0,0,0,0,0,0,0,0,329,0,0,0,0,0,0,0,0,0,0,0,0,0,0,0,0,0,0,0,0,0,0,0,0,0,0,0,0,34,0,0,0,0,0,0,0,0,0,0,0,0,0,0,0,0,0,173,0,0,0,0,0,0,0,0,0,0,0,0,0,0,0,0,0,0,46,28,0,0,97,0,0,0,0,0,0,0,0,182,48,0,0,0,0,0,0,0,0,0